Country.Name,year,population_denominator,Cases,Deaths
Algeria,2000,1807701,34,2
Algeria,2001,1832745,6,1
Algeria,2002,1857634,10,0
Algeria,2003,1882962,5,0
Algeria,2004,1909648,2,0
Algeria,2005,1935875,1,0
Algeria,2006,1963976,1,0
Algeria,2007,1996210,26,0
Algeria,2008,2030617,3,0
Algeria,2009,2067415,0,0
Algeria,2010,2106201,1,1
Algeria,2011,2146567,1,0
Algeria,2012,2188685,55,0
Algeria,2013,2232156,8,0
Algeria,2014,2276772,0,0
Algeria,2015,2322764,0,0
Algeria,2016,2369532,0,0
Algeria,2017,2416360,0,0
Algeria,2018,2462792,0,0
Algeria,2019,2508513,0,0
Algeria,2020,2552350,0,0
Algeria,2021,2595013,0,0
Algeria,2022,2637615,0,0
Angola,2000,16394062,5336534,22603
Angola,2001,16941588,5578347,23778
Angola,2002,17516140,5510925,21904
Angola,2003,18124342,5779815,22056
Angola,2004,18771124,5867414,21414
Angola,2005,19450960,6103720,20837
Angola,2006,20162340,6054129,19321
Angola,2007,20909684,5676002,17746
Angola,2008,21691522,4991725,15116
Angola,2009,22507674,4379758,13210
Angola,2010,23364184,3993149,12210
Angola,2011,24259112,3816080,11563
Angola,2012,25188292,3854300,11170
Angola,2013,26147002,4129761,11224
Angola,2014,27128336,4441138,11621
Angola,2015,28127720,4903630,12105
Angola,2016,29154746,5542649,12764
Angola,2017,30208628,6511993,13843
Angola,2018,31273532,7253371,14724
Angola,2019,32353588,7843380,15569
Angola,2020,33428486,8157016,16361
Angola,2021,34503776,8497578,19409
Angola,2022,35588988,8396314,19203
Benin,2000,6998023,2886309,6429
Benin,2001,7212041,3107278,7642
Benin,2002,7431783,3371811,8622
Benin,2003,7659208,3601326,9895
Benin,2004,7894554,3859662,11432
Benin,2005,8149419,4026128,13450
Benin,2006,8402631,4140781,14584
Benin,2007,8647761,4220168,14135
Benin,2008,8906469,4183971,11884
Benin,2009,9172514,4032019,10468
Benin,2010,9445710,3862955,9319
Benin,2011,9726380,3703932,8544
Benin,2012,10014078,3650774,8278
Benin,2013,10308730,3753591,8476
Benin,2014,10614844,3917119,8888
Benin,2015,10932783,4260585,10114
Benin,2016,11260085,4721694,11291
Benin,2017,11596779,4876484,11316
Benin,2018,11940683,4872597,10758
Benin,2019,12290444,4937253,10767
Benin,2020,12643123,4781051,10354
Benin,2021,12996895,4983668,11147
Benin,2022,13352864,5120164,11000
Botswana,2000,1144956,19146,36
Botswana,2001,1168124,7698,29
Botswana,2002,1190135,3663,23
Botswana,2003,1211173,1862,18
Botswana,2004,1232536,1217,19
Botswana,2005,1254893,1466,11
Botswana,2006,1278692,4801,40
Botswana,2007,1304066,1292,6
Botswana,2008,1330813,2457,12
Botswana,2009,1358444,2719,6
Botswana,2010,1386731,2229,8
Botswana,2011,1414823,682,8
Botswana,2012,1442263,304,3
Botswana,2013,1470010,725,7
Botswana,2014,1498584,2075,22
Botswana,2015,1528282,455,5
Botswana,2016,1559604,984,3
Botswana,2017,1592371,2929,17
Botswana,2018,1625235,806,9
Botswana,2019,1657252,258,7
Botswana,2020,1688213,1764,11
Botswana,2021,1716072,1060,5
Botswana,2022,1743833,542,6
Burkina Faso,2000,11882888,7121621,44877
Burkina Faso,2001,12249764,7346774,46007
Burkina Faso,2002,12632269,7513033,45074
Burkina Faso,2003,13030591,7615906,41766
Burkina Faso,2004,13445977,7546925,37579
Burkina Faso,2005,13876127,7363398,33411
Burkina Faso,2006,14316242,7347269,32928
Burkina Faso,2007,14757074,7693631,33480
Burkina Faso,2008,15197915,8386574,36241
Burkina Faso,2009,15650022,8932652,38371
Burkina Faso,2010,16116845,9194223,38196
Burkina Faso,2011,16602651,9242057,36310
Burkina Faso,2012,17113732,9159529,31627
Burkina Faso,2013,17636408,8620220,26559
Burkina Faso,2014,18169842,8132937,24309
Burkina Faso,2015,18718020,7848131,21617
Burkina Faso,2016,19275498,7215226,18288
Burkina Faso,2017,19835858,7093584,17297
Burkina Faso,2018,20392724,7280725,16791
Burkina Faso,2019,20951640,7472680,16454
Burkina Faso,2020,21522626,8122685,19176
Burkina Faso,2021,22100684,8326915,16976
Burkina Faso,2022,22673762,8019213,16669
Burundi,2000,6307659,2751568,11781
Burundi,2001,6465729,2760802,11853
Burundi,2002,6648938,2709002,10772
Burundi,2003,6860846,2581952,9271
Burundi,2004,7120496,2307705,8108
Burundi,2005,7388874,2204147,6931
Burundi,2006,7658190,2131755,6272
Burundi,2007,7944609,1887220,5492
Burundi,2008,8278109,1677915,4860
Burundi,2009,8709366,1521825,4595
Burundi,2010,9126605,1543538,4614
Burundi,2011,9455733,1548411,4664
Burundi,2012,9795479,1612912,4941
Burundi,2013,10149577,1744653,5021
Burundi,2014,10494913,1895525,5153
Burundi,2015,10727148,2138484,5341
Burundi,2016,10903327,2531134,5682
Burundi,2017,11155593,2786580,5816
Burundi,2018,11493472,3301285,6315
Burundi,2019,11874838,3454255,6364
Burundi,2020,12220227,3649973,7176
Burundi,2021,12551213,3564634,7098
Burundi,2022,12889576,3369357,7003
Cabo Verde,2000,119145,144,0
Cabo Verde,2001,121149,107,0
Cabo Verde,2002,123040,76,2
Cabo Verde,2003,124823,68,4
Cabo Verde,2004,126511,45,4
Cabo Verde,2005,128135,68,2
Cabo Verde,2006,129709,80,8
Cabo Verde,2007,131230,18,2
Cabo Verde,2008,132687,35,2
Cabo Verde,2009,134065,65,2
Cabo Verde,2010,135515,47,1
Cabo Verde,2011,137155,7,1
Cabo Verde,2012,138804,1,0
Cabo Verde,2013,140384,22,0
Cabo Verde,2014,141979,26,1
Cabo Verde,2015,143563,7,0
Cabo Verde,2016,145182,49,1
Cabo Verde,2017,146888,423,2
Cabo Verde,2018,148512,2,0
Cabo Verde,2019,150027,0,0
Cabo Verde,2020,151486,0,0
Cabo Verde,2021,152860,0,0
Cabo Verde,2022,154218,0,0
Cameroon,2000,15091594,6083564,17999
Cameroon,2001,15493253,6409463,19060
Cameroon,2002,15914033,6520838,18917
Cameroon,2003,16354326,6908180,20023
Cameroon,2004,16809408,7164147,20813
Cameroon,2005,17275172,7285072,20605
Cameroon,2006,17751332,7232965,19455
Cameroon,2007,18251866,6938892,16941
Cameroon,2008,18777080,6468543,14338
Cameroon,2009,19319274,5915252,13349
Cameroon,2010,19878036,5678339,12505
Cameroon,2011,20448872,5418759,11935
Cameroon,2012,21032684,5387607,12127
Cameroon,2013,21632850,5638677,12267
Cameroon,2014,22299584,5812049,12241
Cameroon,2015,23012646,5963352,12200
Cameroon,2016,23711630,6029511,12072
Cameroon,2017,24393180,5977905,11840
Cameroon,2018,25076748,6060227,11679
Cameroon,2019,25782340,5982989,11348
Cameroon,2020,26491088,6307843,13321
Cameroon,2021,27198628,6367257,12783
Cameroon,2022,27914536,6459013,12587
Central African Republic,2000,3759170,1595534,4073
Central African Republic,2001,3844773,1635728,4938
Central African Republic,2002,3930648,1702662,5217
Central African Republic,2003,4026841,1765583,6115
Central African Republic,2004,4115138,1820479,6185
Central African Republic,2005,4208834,1869402,7096
Central African Republic,2006,4294352,1908966,7413
Central African Republic,2007,4375569,1913693,6542
Central African Republic,2008,4467233,1910248,6382
Central African Republic,2009,4564540,1911135,7408
Central African Republic,2010,4660067,1895273,5648
Central African Republic,2011,4732022,1865528,5625
Central African Republic,2012,4773306,1836713,6297
Central African Republic,2013,4802428,1810584,4222
Central African Republic,2014,4798734,1762139,5896
Central African Republic,2015,4819333,1691702,4380
Central African Republic,2016,4904177,1643459,4886
Central African Republic,2017,4996741,1664058,5026
Central African Republic,2018,5094780,1679053,4080
Central African Republic,2019,5209324,1688747,4044
Central African Republic,2020,5343020,1666963,4101
Central African Republic,2021,5457154,1696521,5160
Central African Republic,2022,5579144,1732824,5180
Chad,2000,8168699,2198530,9769
Chad,2001,8445304,2301418,7876
Chad,2002,8741588,2089551,8876
Chad,2003,9095665,2140236,9587
Chad,2004,9508235,2207891,8735
Chad,2005,9895457,2333365,10421
Chad,2006,10252110,2427411,10842
Chad,2007,10605317,2459089,11274
Chad,2008,10977133,2566740,11912
Chad,2009,11370245,2753100,12701
Chad,2010,11764479,2863071,13217
Chad,2011,12182850,2770846,12644
Chad,2012,12615239,2703188,12379
Chad,2013,13072042,2697622,12270
Chad,2014,13547142,2835309,12577
Chad,2015,13985437,2948974,12764
Chad,2016,14432796,3019053,12974
Chad,2017,14920693,3154299,13181
Chad,2018,15433343,3388026,13458
Chad,2019,15950276,3408851,13138
Chad,2020,16462441,3396026,13911
Chad,2021,16991621,3461730,13614
Chad,2022,17529245,3635701,13587
Comoros,2000,536758,35604,89
Comoros,2001,547741,35623,89
Comoros,2002,559047,35657,89
Comoros,2003,570130,35658,89
Comoros,2004,581154,35631,89
Comoros,2005,592683,35616,92
Comoros,2006,604658,35607,89
Comoros,2007,616899,35591,89
Comoros,2008,629470,35567,89
Comoros,2009,642493,35544,89
Comoros,2010,656024,36538,92
Comoros,2011,670071,24856,62
Comoros,2012,684553,49840,125
Comoros,2013,699393,53156,135
Comoros,2014,714612,2203,5
Comoros,2015,730216,1884,4
Comoros,2016,746232,1467,3
Comoros,2017,761664,3896,9
Comoros,2018,776313,15186,38
Comoros,2019,790986,17599,45
Comoros,2020,806166,4546,11
Comoros,2021,821625,10537,26
Comoros,2022,836774,20675,52
"Congo, Rep.",2000,3134030,1099729,2159
"Congo, Rep.",2001,3254101,1144183,2649
"Congo, Rep.",2002,3331158,1097027,2374
"Congo, Rep.",2003,3424653,1124771,2372
"Congo, Rep.",2004,3543012,1149971,2326
"Congo, Rep.",2005,3672839,1125613,2204
"Congo, Rep.",2006,3813323,1083497,2032
"Congo, Rep.",2007,3956329,1004077,1917
"Congo, Rep.",2008,4089602,925940,1797
"Congo, Rep.",2009,4257230,915023,1833
"Congo, Rep.",2010,4437884,955795,1850
"Congo, Rep.",2011,4584216,991351,1881
"Congo, Rep.",2012,4713257,1015498,1910
"Congo, Rep.",2013,4828066,1046997,2024
"Congo, Rep.",2014,4944861,1045824,2024
"Congo, Rep.",2015,5064386,1057288,2011
"Congo, Rep.",2016,5186824,1107316,2063
"Congo, Rep.",2017,5312340,1235268,2099
"Congo, Rep.",2018,5441062,1326784,2223
"Congo, Rep.",2019,5570733,1320093,2221
"Congo, Rep.",2020,5702174,1314637,2225
"Congo, Rep.",2021,5835806,1296459,2204
"Congo, Rep.",2022,5970424,1267761,2220
Cote d'Ivoire,2000,16799670,8473765,30241
Cote d'Ivoire,2001,17245468,8872381,31951
Cote d'Ivoire,2002,17683896,9129523,33112
Cote d'Ivoire,2003,18116452,9374949,35145
Cote d'Ivoire,2004,18544904,9465097,34783
Cote d'Ivoire,2005,18970216,9218823,30073
Cote d'Ivoire,2006,19394056,8746470,29103
Cote d'Ivoire,2007,19817700,8353370,30042
Cote d'Ivoire,2008,20244448,8546557,31270
Cote d'Ivoire,2009,20677762,9184426,34284
Cote d'Ivoire,2010,21120042,9847689,33095
Cote d'Ivoire,2011,21562914,9991951,27210
Cote d'Ivoire,2012,22010712,8273685,15717
Cote d'Ivoire,2013,22469268,6475139,10807
Cote d'Ivoire,2014,22995556,5927273,9619
Cote d'Ivoire,2015,23596740,5661425,9730
Cote d'Ivoire,2016,24213622,5866173,9834
Cote d'Ivoire,2017,24848016,6257837,10378
Cote d'Ivoire,2018,25493988,6751317,11125
Cote d'Ivoire,2019,26147552,7041635,11416
Cote d'Ivoire,2020,26811790,7235286,11632
Cote d'Ivoire,2021,27478248,7308916,11283
Cote d'Ivoire,2022,28160542,7342925,11154
"Congo, Dem. Rep.",2000,48616316,22425303,93908
"Congo, Dem. Rep.",2001,50106656,23151146,103349
"Congo, Dem. Rep.",2002,51662072,24068784,90073
"Congo, Dem. Rep.",2003,53205640,25081927,104153
"Congo, Dem. Rep.",2004,54815608,25972385,109420
"Congo, Dem. Rep.",2005,56550248,26840819,113139
"Congo, Dem. Rep.",2006,58381632,27473179,116454
"Congo, Dem. Rep.",2007,60289424,27517619,114798
"Congo, Dem. Rep.",2008,62249724,27136371,97620
"Congo, Dem. Rep.",2009,64270232,26270700,89392
"Congo, Dem. Rep.",2010,66391256,25539151,85809
"Congo, Dem. Rep.",2011,68654272,24823221,79165
"Congo, Dem. Rep.",2012,70997872,23688999,65096
"Congo, Dem. Rep.",2013,73460024,22596351,58152
"Congo, Dem. Rep.",2014,76035584,22364336,60850
"Congo, Dem. Rep.",2015,78656904,23499389,61075
"Congo, Dem. Rep.",2016,81430976,24856401,67678
"Congo, Dem. Rep.",2017,84283272,26727855,69145
"Congo, Dem. Rep.",2018,87087352,28621752,78205
"Congo, Dem. Rep.",2019,89906888,29669385,75845
"Congo, Dem. Rep.",2020,92853168,30339645,75827
"Congo, Dem. Rep.",2021,95894120,30781802,71017
"Congo, Dem. Rep.",2022,99010208,30654224,70738
Equatorial Guinea,2000,684977,238347,480
Equatorial Guinea,2001,719270,249520,483
Equatorial Guinea,2002,754115,256013,484
Equatorial Guinea,2003,789681,273603,508
Equatorial Guinea,2004,826355,297489,530
Equatorial Guinea,2005,864726,321119,593
Equatorial Guinea,2006,905418,334327,574
Equatorial Guinea,2007,948814,345170,564
Equatorial Guinea,2008,994971,337194,545
Equatorial Guinea,2009,1043686,318620,534
Equatorial Guinea,2010,1094524,315806,578
Equatorial Guinea,2011,1144588,332300,589
Equatorial Guinea,2012,1193636,372362,626
Equatorial Guinea,2013,1243941,414092,694
Equatorial Guinea,2014,1295183,433040,750
Equatorial Guinea,2015,1346973,447650,754
Equatorial Guinea,2016,1398927,438629,758
Equatorial Guinea,2017,1450694,417823,750
Equatorial Guinea,2018,1502091,396300,723
Equatorial Guinea,2019,1553031,377433,710
Equatorial Guinea,2020,1596049,382641,762
Equatorial Guinea,2021,1634466,384351,766
Equatorial Guinea,2022,1674908,389304,771
Eritrea,2000,2392880,42711,98
Eritrea,2001,2461927,54461,133
Eritrea,2002,2547424,32823,86
Eritrea,2003,2653390,49490,112
Eritrea,2004,2763140,15093,32
Eritrea,2005,2831732,27680,59
Eritrea,2006,2880093,16438,47
Eritrea,2007,2926168,37568,60
Eritrea,2008,3005779,20767,37
Eritrea,2009,3083888,27656,41
Eritrea,2010,3147727,83471,161
Eritrea,2011,3207570,76678,141
Eritrea,2012,3252596,52483,85
Eritrea,2013,3296367,49309,88
Eritrea,2014,3323425,109689,227
Eritrea,2015,3340006,64020,128
Eritrea,2016,3365287,86561,198
Eritrea,2017,3396933,115928,221
Eritrea,2018,3445374,99716,196
Eritrea,2019,3498818,200382,437
Eritrea,2020,3555868,158684,372
Eritrea,2021,3620312,92898,211
Eritrea,2022,3684032,139109,315
Eswatini,2000,288538,787,83
Eswatini,2001,291590,1395,62
Eswatini,2002,294226,670,46
Eswatini,2003,296463,342,30
Eswatini,2004,298413,574,28
Eswatini,2005,300128,279,17
Eswatini,2006,301765,155,27
Eswatini,2007,303522,84,17
Eswatini,2008,305163,58,10
Eswatini,2009,306568,106,13
Eswatini,2010,307977,268,8
Eswatini,2011,309503,379,1
Eswatini,2012,311204,409,3
Eswatini,2013,313129,728,4
Eswatini,2014,315242,389,4
Eswatini,2015,317502,318,5
Eswatini,2016,319906,250,3
Eswatini,2017,322389,440,20
Eswatini,2018,324919,686,2
Eswatini,2019,327491,252,3
Eswatini,2020,330583,233,2
Eswatini,2021,333835,505,5
Eswatini,2022,336467,214,4
Ethiopia,2000,45581670,14712726,24699
Ethiopia,2001,46932871,13709036,23014
Ethiopia,2002,48329786,12535210,21530
Ethiopia,2003,49754811,13057248,22860
Ethiopia,2004,51204696,12581836,23670
Ethiopia,2005,52679556,8831926,16864
Ethiopia,2006,54189912,8357621,15242
Ethiopia,2007,55757405,7323987,12666
Ethiopia,2008,57362830,6387788,11077
Ethiopia,2009,58993797,8810357,16286
Ethiopia,2010,60681698,10425556,19260
Ethiopia,2011,62436191,11005505,17358
Ethiopia,2012,64226870,13106106,20930
Ethiopia,2013,66017370,15515693,27438
Ethiopia,2014,67827802,14582426,24267
Ethiopia,2015,69680889,12699814,22427
Ethiopia,2016,71599397,8875771,16218
Ethiopia,2017,73574607,6633480,12522
Ethiopia,2018,75568019,2793314,6500
Ethiopia,2019,77602002,2645193,5708
Ethiopia,2020,79689820,4227742,9424
Ethiopia,2021,81792456,3783896,8041
Ethiopia,2022,83898345,5106067,10570
Gabon,2000,1272935,420619,362
Gabon,2001,1306590,421598,348
Gabon,2002,1341696,393460,329
Gabon,2003,1378398,342808,300
Gabon,2004,1417110,266172,254
Gabon,2005,1458353,214915,257
Gabon,2006,1502534,202209,260
Gabon,2007,1549774,200278,263
Gabon,2008,1599978,245099,281
Gabon,2009,1653542,325788,312
Gabon,2010,1711105,400246,362
Gabon,2011,1772500,452439,391
Gabon,2012,1836705,473866,398
Gabon,2013,1902226,475337,397
Gabon,2014,1966855,473210,391
Gabon,2015,2028517,473905,390
Gabon,2016,2086206,476346,396
Gabon,2017,2140215,488279,404
Gabon,2018,2192012,499577,414
Gabon,2019,2242785,512184,418
Gabon,2020,2292573,527769,425
Gabon,2021,2341179,535939,424
Gabon,2022,2388992,550748,424
"Gambia, The",2000,1437539,449173,455
"Gambia, The",2001,1479449,449211,468
"Gambia, The",2002,1522223,449003,485
"Gambia, The",2003,1566257,448547,483
"Gambia, The",2004,1612225,447989,472
"Gambia, The",2005,1660368,447415,471
"Gambia, The",2006,1711294,447057,485
"Gambia, The",2007,1764883,446954,494
"Gambia, The",2008,1820542,446959,517
"Gambia, The",2009,1878119,447032,526
"Gambia, The",2010,1937275,447124,569
"Gambia, The",2011,1998212,473874,672
"Gambia, The",2012,2061014,523991,700
"Gambia, The",2013,2124869,429429,684
"Gambia, The",2014,2189019,303721,628
"Gambia, The",2015,2253133,450479,674
"Gambia, The",2016,2317206,297058,625
"Gambia, The",2017,2381182,148057,604
"Gambia, The",2018,2444916,196160,612
"Gambia, The",2019,2508883,109975,612
"Gambia, The",2020,2573995,210897,624
"Gambia, The",2021,2639916,160958,636
"Gambia, The",2022,2705992,251831,642
Ghana,2000,19665502,8410953,19763
Ghana,2001,20195576,8427983,18945
Ghana,2002,20758326,8219508,17951
Ghana,2003,21329514,7884686,16753
Ghana,2004,21906444,7541631,15632
Ghana,2005,22496952,7388790,14864
Ghana,2006,23098586,7504234,14982
Ghana,2007,23708320,7688799,14932
Ghana,2008,24326088,8162671,15499
Ghana,2009,24950762,8851209,16526
Ghana,2010,25574720,9472627,16933
Ghana,2011,26205940,9833844,17198
Ghana,2012,26858762,9833200,16620
Ghana,2013,27525596,9334926,15674
Ghana,2014,28196358,8697055,14436
Ghana,2015,28870940,7819581,13316
Ghana,2016,29554304,6776780,12357
Ghana,2017,30222262,5914225,11591
Ghana,2018,30870640,5226525,11175
Ghana,2019,31522290,5150815,11196
Ghana,2020,32180400,5227320,11401
Ghana,2021,32833032,5245042,11470
Ghana,2022,33475870,5315593,11557
Guinea,2000,8336967,3616058,14559
Guinea,2001,8445717,3641386,12234
Guinea,2002,8577790,3556986,12909
Guinea,2003,8772254,3457916,12165
Guinea,2004,8961039,3277416,10629
Guinea,2005,9140114,3143778,9775
Guinea,2006,9330625,3153121,9660
Guinea,2007,9547082,3297950,9900
Guinea,2008,9779785,3612353,10515
Guinea,2009,10021323,4003420,12569
Guinea,2010,10270728,4320306,13818
Guinea,2011,10527712,4565610,14468
Guinea,2012,10788692,4696591,14443
Guinea,2013,11055430,4568741,13229
Guinea,2014,11333365,4460552,12670
Guinea,2015,11625998,4402690,12051
Guinea,2016,11930985,4297908,11371
Guinea,2017,12240789,4377224,11421
Guinea,2018,12554864,4508348,11549
Guinea,2019,12877539,4425904,10852
Guinea,2020,13205153,4416575,11072
Guinea,2021,13531906,4477687,10309
Guinea,2022,13859341,4369811,10211
Guinea-Bissau,2000,1230849,498195,2054
Guinea-Bissau,2001,1257380,406928,1574
Guinea-Bissau,2002,1285678,324357,1220
Guinea-Bissau,2003,1315653,240311,966
Guinea-Bissau,2004,1347009,163415,870
Guinea-Bissau,2005,1379713,128628,828
Guinea-Bissau,2006,1414091,110428,807
Guinea-Bissau,2007,1450572,111394,799
Guinea-Bissau,2008,1488431,130955,807
Guinea-Bissau,2009,1527196,163820,859
Guinea-Bissau,2010,1567220,197064,873
Guinea-Bissau,2011,1609017,208165,869
Guinea-Bissau,2012,1652717,207193,862
Guinea-Bissau,2013,1697753,203074,859
Guinea-Bissau,2014,1743309,182254,851
Guinea-Bissau,2015,1788919,158654,838
Guinea-Bissau,2016,1834552,135584,856
Guinea-Bissau,2017,1879826,120072,855
Guinea-Bissau,2018,1924955,123965,842
Guinea-Bissau,2019,1970457,141764,846
Guinea-Bissau,2020,2015828,182412,953
Guinea-Bissau,2021,2060721,210827,1028
Guinea-Bissau,2022,2105566,225200,1023
Kenya,2000,30851606,6804629,12230
Kenya,2001,31800344,7895563,14184
Kenya,2002,32779824,7580096,14018
Kenya,2003,33767120,7520078,13324
Kenya,2004,34791836,6453019,11913
Kenya,2005,35843008,4987686,10742
Kenya,2006,36925252,3816307,10113
Kenya,2007,38036792,2931441,9928
Kenya,2008,39186896,2542462,9805
Kenya,2009,40364444,2565369,9941
Kenya,2010,41517896,2738346,10113
Kenya,2011,42635144,2909293,10503
Kenya,2012,43725808,3058055,10563
Kenya,2013,44792368,3185805,10605
Kenya,2014,45831864,3234264,10653
Kenya,2015,46851488,3212566,10642
Kenya,2016,47894672,3094626,10668
Kenya,2017,48948136,3137985,10817
Kenya,2018,49953304,3075980,10920
Kenya,2019,50951448,3022909,10993
Kenya,2020,51985780,3224311,11445
Kenya,2021,53005616,3373853,11696
Kenya,2022,54027488,3417499,11788
Liberia,2000,2895224,1248403,5872
Liberia,2001,2981648,1311933,5697
Liberia,2002,3060599,1343961,5355
Liberia,2003,3085173,1339076,4887
Liberia,2004,3122447,1270287,3778
Liberia,2005,3266318,1269211,3956
Liberia,2006,3455397,1300190,3326
Liberia,2007,3632740,1347464,3144
Liberia,2008,3783887,1403261,3546
Liberia,2009,3905066,1384603,3161
Liberia,2010,4019956,1354819,2738
Liberia,2011,4181150,1354061,3016
Liberia,2012,4331740,1328628,2939
Liberia,2013,4427313,1381944,2940
Liberia,2014,4519398,1506350,3282
Liberia,2015,4612329,1591767,3409
Liberia,2016,4706097,1773971,3971
Liberia,2017,4796631,1939400,4369
Liberia,2018,4889391,1966210,4473
Liberia,2019,4985289,1954336,4407
Liberia,2020,5087584,1914081,4629
Liberia,2021,5193416,1852429,3899
Liberia,2022,5302681,1853086,3836
Madagascar,2000,16216431,905987,2239
Madagascar,2001,16709665,1111496,2747
Madagascar,2002,17211934,898515,2221
Madagascar,2003,17724310,1180072,2917
Madagascar,2004,18250774,834134,2062
Madagascar,2005,18792172,662852,1638
Madagascar,2006,19350300,666523,1647
Madagascar,2007,19924958,442208,1092
Madagascar,2008,20513600,469371,1160
Madagascar,2009,21117092,882824,2182
Madagascar,2010,21731052,893540,2208
Madagascar,2011,22348158,823538,2035
Madagascar,2012,22966240,1594592,3941
Madagascar,2013,23588072,1497292,3701
Madagascar,2014,24215976,1078280,2665
Madagascar,2015,24850912,2345948,5800
Madagascar,2016,25501940,1408501,3482
Madagascar,2017,26169542,1971342,4873
Madagascar,2018,26846540,1921403,4750
Madagascar,2019,27533134,2018090,4989
Madagascar,2020,28225176,4010925,10266
Madagascar,2021,28915652,4923609,12602
Madagascar,2022,29611714,3559518,9111
Malawi,2000,11229387,5068222,18949
Malawi,2001,11498818,5289453,18217
Malawi,2002,11784498,5157186,16478
Malawi,2003,12087965,4851733,13846
Malawi,2004,12411342,4633730,11860
Malawi,2005,12755648,4716725,11719
Malawi,2006,13118307,4638347,11240
Malawi,2007,13495463,4731580,10988
Malawi,2008,13889423,5115871,11275
Malawi,2009,14298932,5457399,11432
Malawi,2010,14718422,5615374,11147
Malawi,2011,15146094,5570026,10237
Malawi,2012,15581251,5053353,9308
Malawi,2013,16024775,4685666,8334
Malawi,2014,16477966,4353265,7700
Malawi,2015,16938942,4106623,7302
Malawi,2016,17405624,3949459,7054
Malawi,2017,17881168,3911675,6983
Malawi,2018,18367884,3859499,6873
Malawi,2019,18867336,3867128,6844
Malawi,2020,19377060,4252631,7390
Malawi,2021,19889742,4359158,7430
Malawi,2022,20405316,4472154,7480
Mali,2000,11239101,4565653,22666
Mali,2001,11583824,4719788,22822
Mali,2002,11952660,4977784,21183
Mali,2003,12342165,5230718,20961
Mali,2004,12751995,5475357,20552
Mali,2005,13180551,5683984,20944
Mali,2006,13623541,5527211,20654
Mali,2007,14080912,5474736,20347
Mali,2008,14551117,5515727,19794
Mali,2009,15032635,5630658,19444
Mali,2010,15529181,5957047,19911
Mali,2011,16039734,6491808,22143
Mali,2012,16514687,7194633,23361
Mali,2013,17004032,7699696,23614
Mali,2014,17551814,7740479,21877
Mali,2015,18112908,7097168,18764
Mali,2016,18700106,7184988,15624
Mali,2017,19311356,7469199,16484
Mali,2018,19934298,7710138,19821
Mali,2019,20567424,6863255,20096
Mali,2020,21224040,7586538,22379
Mali,2021,21904984,7744735,19833
Mali,2022,22593590,7988199,19716
Mauritania,2000,2695003,297282,701
Mauritania,2001,2761823,300467,667
Mauritania,2002,2821703,304382,651
Mauritania,2003,2883326,316855,650
Mauritania,2004,2946575,279502,626
Mauritania,2005,3012360,276494,621
Mauritania,2006,3081229,256877,601
Mauritania,2007,3153508,244930,611
Mauritania,2008,3233336,207745,625
Mauritania,2009,3322616,107862,631
Mauritania,2010,3419461,123410,641
Mauritania,2011,3524249,162490,659
Mauritania,2012,3636113,88074,666
Mauritania,2013,3742959,101247,677
Mauritania,2014,3843174,216687,717
Mauritania,2015,3946220,291679,741
Mauritania,2016,4051890,386314,762
Mauritania,2017,4160015,306475,758
Mauritania,2018,4270712,236485,769
Mauritania,2019,4383849,184057,776
Mauritania,2020,4498604,201771,792
Mauritania,2021,4614974,206991,796
Mauritania,2022,4736139,212425,809
Mozambique,2000,17768504,8491620,42192
Mozambique,2001,18220716,8963360,42162
Mozambique,2002,18694946,9260605,40239
Mozambique,2003,19186754,9233696,36703
Mozambique,2004,19694412,8944746,32517
Mozambique,2005,20211114,8604836,28467
Mozambique,2006,20735982,8466830,27162
Mozambique,2007,21280512,8240646,24864
Mozambique,2008,21845572,8173405,23408
Mozambique,2009,22436660,8319939,23681
Mozambique,2010,23073724,8621319,23929
Mozambique,2011,23760420,8807492,23588
Mozambique,2012,24487612,9070323,23481
Mozambique,2013,25251732,9316822,24005
Mozambique,2014,26038704,9322960,23473
Mozambique,2015,26843246,9389988,22210
Mozambique,2016,27696492,9409618,21349
Mozambique,2017,28569440,9395822,20199
Mozambique,2018,29423878,9471126,19387
Mozambique,2019,30285596,9395404,18473
Mozambique,2020,31178240,9817892,22785
Mozambique,2021,32077072,10132564,21660
Mozambique,2022,32969518,10442873,21551
Namibia,2000,1443943,77408,1985
Namibia,2001,1473519,102902,1728
Namibia,2002,1499016,70395,1504
Namibia,2003,1520368,67564,1106
Namibia,2004,1539403,105493,1185
Namibia,2005,1558024,65303,1325
Namibia,2006,1576830,68176,571
Namibia,2007,1596621,20663,181
Namibia,2008,1618100,12094,152
Namibia,2009,1641410,6068,68
Namibia,2010,1666296,2590,63
Namibia,2011,1692544,3092,36
Namibia,2012,1720429,5465,4
Namibia,2013,1749829,7844,21
Namibia,2014,1780382,25780,61
Namibia,2015,1811896,15052,32
Namibia,2016,1844160,32052,65
Namibia,2017,1876848,89155,57
Namibia,2018,1909508,50217,58
Namibia,2019,1942023,5705,6
Namibia,2020,1975721,20192,35
Namibia,2021,2008307,21322,14
Namibia,2022,2037565,16892,28
Niger,2000,11622665,4134706,23263
Niger,2001,12031430,4180737,22290
Niger,2002,12456517,4048859,20581
Niger,2003,12900790,3825282,18269
Niger,2004,13366885,4016648,17879
Niger,2005,13855221,4271200,21027
Niger,2006,14365168,4386050,16674
Niger,2007,14897873,4668666,18662
Niger,2008,15455175,5403729,19578
Niger,2009,16037915,6017879,25798
Niger,2010,16647543,6785885,25731
Niger,2011,17283112,7283090,30456
Niger,2012,17954408,7633594,28198
Niger,2013,18653200,7717689,30224
Niger,2014,19372014,7880779,29407
Niger,2015,20128124,8073585,31452
Niger,2016,20921744,8053568,33542
Niger,2017,21737922,7883346,30675
Niger,2018,22577058,7760340,31701
Niger,2019,23443392,7631511,31206
Niger,2020,24333640,7845383,34580
Niger,2021,25252722,7452978,33323
Niger,2022,26207976,7723787,34109
Nigeria,2000,122851984,50779020,226141
Nigeria,2001,126152680,51229713,226474
Nigeria,2002,129583024,50952482,230536
Nigeria,2003,133119800,52423482,206117
Nigeria,2004,136756848,55028747,226915
Nigeria,2005,140490720,57411916,210532
Nigeria,2006,144329760,59418382,238957
Nigeria,2007,148294032,61400329,232522
Nigeria,2008,152382512,63355538,221776
Nigeria,2009,156595760,63192869,219213
Nigeria,2010,160952848,60551056,199791
Nigeria,2011,165463744,58184509,184442
Nigeria,2012,170075936,55718235,172613
Nigeria,2013,174726128,53921321,164531
Nigeria,2014,179379008,53483458,166324
Nigeria,2015,183995792,54115123,169299
Nigeria,2016,188666928,55667334,172102
Nigeria,2017,193495904,57869533,177197
Nigeria,2018,198387616,59652248,180605
Nigeria,2019,203304496,61379283,181437
Nigeria,2020,208327408,65133759,200154
Nigeria,2021,213401328,65399501,191241
Nigeria,2022,218541216,66721582,189321
Rwanda,2000,8109989,1501059,6168
Rwanda,2001,8223941,1427839,5520
Rwanda,2002,8372306,1332483,5379
Rwanda,2003,8567992,1203514,4413
Rwanda,2004,8791853,1082911,3683
Rwanda,2005,9026299,1378256,3365
Rwanda,2006,9270066,1395528,3147
Rwanda,2007,9523168,840559,3051
Rwanda,2008,9781996,683661,3003
Rwanda,2009,10043737,1546660,2968
Rwanda,2010,10309031,1079765,3002
Rwanda,2011,10576932,390611,2981
Rwanda,2012,10840334,646386,2962
Rwanda,2013,11101350,1214623,2959
Rwanda,2014,11368451,2299121,2964
Rwanda,2015,11642959,3585563,2999
Rwanda,2016,11930899,4887836,3057
Rwanda,2017,12230339,8681013,3114
Rwanda,2018,12531808,5963859,3154
Rwanda,2019,12835028,4923219,3154
Rwanda,2020,13146362,2784545,3207
Rwanda,2021,13461888,1585741,3290
Rwanda,2022,13776698,1168150,3342
Sao Tome and Principe,2000,143714,31975,254
Sao Tome and Principe,2001,146258,42086,248
Sao Tome and Principe,2002,149841,50586,321
Sao Tome and Principe,2003,153762,42656,193
Sao Tome and Principe,2004,157697,46486,169
Sao Tome and Principe,2005,161680,18139,85
Sao Tome and Principe,2006,165725,5146,26
Sao Tome and Principe,2007,169845,2421,3
Sao Tome and Principe,2008,174004,6258,16
Sao Tome and Principe,2009,178128,6182,23
Sao Tome and Principe,2010,182138,3146,14
Sao Tome and Principe,2011,186044,8442,19
Sao Tome and Principe,2012,189924,12550,7
Sao Tome and Principe,2013,193757,9243,11
Sao Tome and Principe,2014,197497,1754,0
Sao Tome and Principe,2015,201124,2056,0
Sao Tome and Principe,2016,204632,2238,1
Sao Tome and Principe,2017,208036,2239,1
Sao Tome and Principe,2018,211344,2937,0
Sao Tome and Principe,2019,214599,2732,0
Sao Tome and Principe,2020,218641,1933,0
Sao Tome and Principe,2021,223107,2719,1
Sao Tome and Principe,2022,227380,3970,0
Senegal,2000,9704287,2254155,4336
Senegal,2001,9938027,1771599,3535
Senegal,2002,10180950,1612104,3316
Senegal,2003,10434504,1798750,3613
Senegal,2004,10698691,1422026,3525
Senegal,2005,10974057,1490721,3471
Senegal,2006,11263387,1403309,3558
Senegal,2007,11563869,1160145,3502
Senegal,2008,11872929,628766,1609
Senegal,2009,12195029,405713,1038
Senegal,2010,12530121,763134,1953
Senegal,2011,12875880,626038,1602
Senegal,2012,13231833,706020,1807
Senegal,2013,13595566,793415,2031
Senegal,2014,13970308,532782,1363
Senegal,2015,14356181,1010929,2587
Senegal,2016,14751356,684129,1751
Senegal,2017,15157793,805691,2062
Senegal,2018,15574909,1047659,2682
Senegal,2019,16000781,672221,1720
Senegal,2020,16436120,721819,1847
Senegal,2021,16876720,860322,2202
Senegal,2022,17316448,831514,2128
Sierra Leone,2000,4584067,2041497,13864
Sierra Leone,2001,4857096,2176604,13867
Sierra Leone,2002,5140113,2285568,13757
Sierra Leone,2003,5350907,2283405,12858
Sierra Leone,2004,5533329,2290745,11829
Sierra Leone,2005,5683334,2315653,11202
Sierra Leone,2006,5809774,2339376,10882
Sierra Leone,2007,5939163,2426163,11901
Sierra Leone,2008,6090860,2615131,13301
Sierra Leone,2009,6259842,2820876,14576
Sierra Leone,2010,6436698,2896249,14338
Sierra Leone,2011,6612385,2928235,14042
Sierra Leone,2012,6788587,2917138,12799
Sierra Leone,2013,6964859,2877851,11485
Sierra Leone,2014,7140688,2839574,10665
Sierra Leone,2015,7314773,2809513,10588
Sierra Leone,2016,7493913,2839129,9513
Sierra Leone,2017,7677565,2793974,8991
Sierra Leone,2018,7861281,2781968,8638
Sierra Leone,2019,8046828,2706940,8003
Sierra Leone,2020,8233970,2671771,9418
Sierra Leone,2021,8420641,2646623,8490
Sierra Leone,2022,8605718,2651760,8212
South Africa,2000,4681326,18206,424
South Africa,2001,4722971,26506,81
South Africa,2002,4766151,15649,96
South Africa,2003,4810404,13459,142
South Africa,2004,4855607,13399,88
South Africa,2005,4901714,7755,63
South Africa,2006,4949175,12098,87
South Africa,2007,4999609,6327,37
South Africa,2008,5056581,7796,43
South Africa,2009,5117078,6072,45
South Africa,2010,5178492,8060,83
South Africa,2011,5244332,9866,54
South Africa,2012,5314503,6621,72
South Africa,2013,5387361,8645,105
South Africa,2014,5472955,11705,174
South Africa,2015,5587650,4959,110
South Africa,2016,5642227,4323,34
South Africa,2017,5664120,23381,301
South Africa,2018,5733963,9562,69
South Africa,2019,5808705,4821,79
South Africa,2020,5880192,4463,38
South Africa,2021,5939225,2972,56
South Africa,2022,5989388,2043,29
South Sudan,2000,6114440,2133330,11604
South Sudan,2001,6394431,2228907,11441
South Sudan,2002,6686100,2282830,10560
South Sudan,2003,6992367,2313291,9678
South Sudan,2004,7317118,2317093,8976
South Sudan,2005,7662654,2364080,8268
South Sudan,2006,8029517,2390364,8084
South Sudan,2007,8417823,2383361,7596
South Sudan,2008,8823888,2444137,7371
South Sudan,2009,9229227,2554282,7033
South Sudan,2010,9714419,2732245,6843
South Sudan,2011,10243050,2938845,6856
South Sudan,2012,10701604,3014735,6653
South Sudan,2013,11106031,3085297,6837
South Sudan,2014,11213284,3024003,6996
South Sudan,2015,11194299,2971363,7417
South Sudan,2016,11066105,2873064,7445
South Sudan,2017,10658226,2885551,7903
South Sudan,2018,10395329,2853785,7701
South Sudan,2019,10447666,3067521,7914
South Sudan,2020,10606227,3002954,7134
South Sudan,2021,10748272,2906886,6733
South Sudan,2022,10913164,2784704,6680
Togo,2000,5008035,2225623,4895
Togo,2001,5145426,2268114,5173
Togo,2002,5281538,2357501,5623
Togo,2003,5421001,2462900,6083
Togo,2004,5565218,2556705,6683
Togo,2005,5711597,2618798,6776
Togo,2006,5874240,2671852,6405
Togo,2007,6047537,2637504,5742
Togo,2008,6222482,2431435,4777
Togo,2009,6398624,2177614,4201
Togo,2010,6571855,2075480,3985
Togo,2011,6748672,2078150,3962
Togo,2012,6926635,2315603,4341
Togo,2013,7106229,2602853,4869
Togo,2014,7288383,2657707,5062
Togo,2015,7473229,2624836,5085
Togo,2016,7661354,2428558,4571
Togo,2017,7852795,2143768,3784
Togo,2018,8046679,1983960,3478
Togo,2019,8243094,1917225,3346
Togo,2020,8442580,1994294,3499
Togo,2021,8644829,2004122,3467
Togo,2022,8848699,2042696,3447
Uganda,2000,24020696,11703496,42127
Uganda,2001,24763324,12579134,46423
Uganda,2002,25545090,12776442,46925
Uganda,2003,26354736,12758978,44878
Uganda,2004,27146084,12210978,35467
Uganda,2005,27946588,12118906,30967
Uganda,2006,28773228,12122459,27565
Uganda,2007,29629804,12308621,26350
Uganda,2008,30509862,12751923,26951
Uganda,2009,31412520,13289108,27220
Uganda,2010,32341728,13241888,25763
Uganda,2011,33295738,13141152,23549
Uganda,2012,34273296,12905814,22481
Uganda,2013,35273568,11722973,18805
Uganda,2014,36336540,10693203,17773
Uganda,2015,37477356,9501063,15764
Uganda,2016,38748300,10971082,15631
Uganda,2017,40127084,11833607,15799
Uganda,2018,41515396,10905744,15238
Uganda,2019,42949080,11282360,15927
Uganda,2020,44404612,12602807,18512
Uganda,2021,45853776,12053928,17441
Uganda,2022,47249584,12651126,17556
Tanzania,2000,34463704,11932868,44568
Tanzania,2001,35414468,11869567,41958
Tanzania,2002,36353532,11431390,36223
Tanzania,2003,37333920,11096561,33420
Tanzania,2004,38360880,10585653,30286
Tanzania,2005,39439504,9939963,27827
Tanzania,2006,40562052,9261043,25704
Tanzania,2007,41716496,8249672,23726
Tanzania,2008,42870884,7328252,22325
Tanzania,2009,43957932,6798115,22383
Tanzania,2010,45110528,6360888,21897
Tanzania,2011,46416032,6048115,21495
Tanzania,2012,47786136,5828149,21290
Tanzania,2013,49253644,6401611,22621
Tanzania,2014,50814552,7269054,23643
Tanzania,2015,52542824,7428977,23936
Tanzania,2016,54401800,7213385,24083
Tanzania,2017,56267032,6988278,23924
Tanzania,2018,58090444,6686407,24101
Tanzania,2019,59872580,6637664,24471
Tanzania,2020,61704520,7240838,25636
Tanzania,2021,63588336,7663641,26334
Tanzania,2022,65497748,7959890,26664
Zambia,2000,9891136,3584235,14569
Zambia,2001,10191964,3872741,14407
Zambia,2002,10508294,3847799,12129
Zambia,2003,10837973,3729154,10173
Zambia,2004,11188040,3325565,8611
Zambia,2005,11564870,2983418,7470
Zambia,2006,11971567,2654141,6767
Zambia,2007,12402073,2372049,6363
Zambia,2008,12852966,2171129,6243
Zambia,2009,13318087,2181076,6263
Zambia,2010,13792086,2286710,6321
Zambia,2011,14265814,2516794,6636
Zambia,2012,14744658,2901484,6952
Zambia,2013,15234976,3409857,7440
Zambia,2014,15737793,3599263,8020
Zambia,2015,16248230,3490791,7992
Zambia,2016,16767761,3365391,7913
Zambia,2017,17298054,3207487,7880
Zambia,2018,17835892,3272015,8032
Zambia,2019,18380476,3292645,8073
Zambia,2020,18927716,3345904,8553
Zambia,2021,19473124,3492503,8742
Zambia,2022,20017676,3611400,8820
Zimbabwe,2000,9318943,987103,2526
Zimbabwe,2001,9379025,993468,2543
Zimbabwe,2002,9437032,999612,2559
Zimbabwe,2003,9508833,1007217,2578
Zimbabwe,2004,9575806,1014311,2596
Zimbabwe,2005,9626100,1019639,2610
Zimbabwe,2006,9709360,1028458,2632
Zimbabwe,2007,9803913,1690025,4326
Zimbabwe,2008,9882482,688884,1763
Zimbabwe,2009,9984424,763956,1955
Zimbabwe,2010,10110382,1097776,2810
Zimbabwe,2011,10256854,722030,1848
Zimbabwe,2012,10445479,592559,1516
Zimbabwe,2013,10673905,863692,2211
Zimbabwe,2014,10910394,1093059,2798
Zimbabwe,2015,11145979,1067121,2731
Zimbabwe,2016,11380449,760626,1947
Zimbabwe,2017,11615415,1337886,3424
Zimbabwe,2018,11852496,634718,1624
Zimbabwe,2019,12090632,782740,2003
Zimbabwe,2020,12338718,1152901,2951
Zimbabwe,2021,12593732,342543,876
Zimbabwe,2022,12851231,365695,936
Argentina,2000,185353,440,0
Argentina,2001,187402,215,0
Argentina,2002,189425,125,0
Argentina,2003,191390,124,1
Argentina,2004,193343,116,0
Argentina,2005,195352,231,0
Argentina,2006,197384,172,0
Argentina,2007,199380,328,0
Argentina,2008,201368,105,0
Argentina,2009,203421,92,0
Argentina,2010,205500,54,0
Argentina,2011,207603,0,0
Argentina,2012,209761,0,0
Argentina,2013,211941,0,0
Argentina,2014,214120,0,0
Argentina,2015,216285,0,0
Argentina,2016,218341,0,0
Argentina,2017,220273,0,0
Argentina,2018,222067,0,0
Argentina,2019,223727,0,0
Argentina,2020,225180,0,0
Argentina,2021,226383,0,0
Argentina,2022,227551,0,0
Belize,2000,165880,1486,0
Belize,2001,171189,1162,0
Belize,2002,176631,1134,0
Belize,2003,182158,1324,0
Belize,2004,187768,1066,1
Belize,2005,193458,1549,0
Belize,2006,199223,844,1
Belize,2007,205049,845,0
Belize,2008,210912,540,0
Belize,2009,216777,256,0
Belize,2010,222253,150,0
Belize,2011,227381,72,0
Belize,2012,232570,33,0
Belize,2013,237834,20,0
Belize,2014,243111,19,0
Belize,2015,248310,9,0
Belize,2016,253445,4,0
Belize,2017,258538,7,0
Belize,2018,263625,3,0
Belize,2019,268475,0,0
Belize,2020,272495,0,0
Belize,2021,276021,0,0
Belize,2022,279637,0,0
Bolivia,2000,3898230,45647,24
Bolivia,2001,3967835,22330,9
Bolivia,2002,4037927,19768,9
Bolivia,2003,4109060,27568,12
Bolivia,2004,4181149,20206,9
Bolivia,2005,4254239,27296,12
Bolivia,2006,4329219,25742,14
Bolivia,2007,4405658,19799,11
Bolivia,2008,4482528,13210,6
Bolivia,2009,4559980,13344,6
Bolivia,2010,4637990,18659,10
Bolivia,2011,4716464,9680,4
Bolivia,2012,4795154,10048,4
Bolivia,2013,4873935,10906,6
Bolivia,2014,4952709,10994,4
Bolivia,2015,5031238,9315,3
Bolivia,2016,5109692,7510,2
Bolivia,2017,5187958,6195,2
Bolivia,2018,5265704,7239,2
Bolivia,2019,5343014,12654,4
Bolivia,2020,5415078,16506,6
Bolivia,2021,5480094,13476,4
Bolivia,2022,5545711,13987,5
Brazil,2000,35702366,760760,245
Brazil,2001,36177013,467114,142
Brazil,2002,36636767,407200,95
Brazil,2003,37073743,465651,104
Brazil,2004,37498575,516739,102
Brazil,2005,37919857,658276,123
Brazil,2006,38330599,584183,110
Brazil,2007,38728229,534516,93
Brazil,2008,39112480,335694,68
Brazil,2009,39487063,328858,85
Brazil,2010,39859758,390024,76
Brazil,2011,40231615,284024,70
Brazil,2012,40595475,258095,60
Brazil,2013,40949517,197679,40
Brazil,2014,41302308,146599,36
Brazil,2015,41653206,164589,35
Brazil,2016,41992495,132022,35
Brazil,2017,42326506,220913,34
Brazil,2018,42663818,218813,56
Brazil,2019,42991924,178650,37
Brazil,2020,43278849,167113,51
Brazil,2021,43508223,162016,58
Brazil,2022,43708641,150337,50
Colombia,2000,8681838,210720,124
Colombia,2001,8819707,333024,168
Colombia,2002,8956121,291432,162
Colombia,2003,9089761,254224,118
Colombia,2004,9220510,197464,126
Colombia,2005,9347293,166899,87
Colombia,2006,9469494,165418,77
Colombia,2007,9587644,173191,68
Colombia,2008,9700271,109966,54
Colombia,2009,9810657,110555,28
Colombia,2010,9921838,164564,42
Colombia,2011,10030937,90130,23
Colombia,2012,10135769,84176,24
Colombia,2013,10236614,72346,10
Colombia,2014,10334030,57024,17
Colombia,2015,10431836,84841,18
Colombia,2016,10543910,115550,36
Colombia,2017,10704576,80963,19
Colombia,2018,10909426,93827,9
Colombia,2019,11110990,123297,3
Colombia,2020,11275539,105984,5
Colombia,2021,11405251,112305,11
Colombia,2022,11484390,101685,16
Costa Rica,2000,1392717,1879,0
Costa Rica,2001,1418627,1363,0
Costa Rica,2002,1442918,1021,0
Costa Rica,2003,1466013,718,0
Costa Rica,2004,1488480,1289,0
Costa Rica,2005,1510560,3541,0
Costa Rica,2006,1532360,2903,0
Costa Rica,2007,1554006,1223,0
Costa Rica,2008,1575672,966,0
Costa Rica,2009,1597094,262,1
Costa Rica,2010,1617788,110,0
Costa Rica,2011,1637974,10,0
Costa Rica,2012,1657807,7,0
Costa Rica,2013,1677037,0,0
Costa Rica,2014,1695500,0,0
Costa Rica,2015,1713334,0,0
Costa Rica,2016,1730821,4,0
Costa Rica,2017,1747844,12,0
Costa Rica,2018,1764256,70,0
Costa Rica,2019,1779586,95,0
Costa Rica,2020,1793086,90,0
Costa Rica,2021,1803884,189,0
Costa Rica,2022,1813290,406,0
Dominican Republic,2000,4704438,1524,6
Dominican Republic,2001,4775080,1315,17
Dominican Republic,2002,4844517,1685,11
Dominican Republic,2003,4913232,1983,12
Dominican Republic,2004,4981135,3046,16
Dominican Republic,2005,5048137,4950,16
Dominican Republic,2006,5113905,4535,10
Dominican Republic,2007,5178923,3478,17
Dominican Republic,2008,5245430,2365,11
Dominican Republic,2009,5314344,2115,14
Dominican Republic,2010,5384681,3202,15
Dominican Republic,2011,5455176,2088,10
Dominican Republic,2012,5525210,1232,8
Dominican Republic,2013,5594706,613,5
Dominican Republic,2014,5663594,566,4
Dominican Republic,2015,5731740,778,3
Dominican Republic,2016,5798808,851,1
Dominican Republic,2017,5864714,420,1
Dominican Republic,2018,5929869,534,1
Dominican Republic,2019,5993958,1592,4
Dominican Republic,2020,6058834,1019,2
Dominican Republic,2021,6123946,284,1
Dominican Republic,2022,6185059,320,0
Ecuador,2000,7155441,104528,66
Ecuador,2001,7279556,108903,84
Ecuador,2002,7407114,86757,64
Ecuador,2003,7537780,52065,46
Ecuador,2004,7670053,28730,37
Ecuador,2005,7803465,17050,22
Ecuador,2006,7938934,9863,9
Ecuador,2007,8076514,8194,8
Ecuador,2008,8215334,4891,5
Ecuador,2009,8354725,4126,6
Ecuador,2010,8494597,1888,0
Ecuador,2011,8635220,1219,0
Ecuador,2012,8774716,544,0
Ecuador,2013,8910217,368,0
Ecuador,2014,9043395,242,0
Ecuador,2015,9178217,627,0
Ecuador,2016,9316312,1191,0
Ecuador,2017,9462158,1275,0
Ecuador,2018,9642781,1653,0
Ecuador,2019,9828697,1803,0
Ecuador,2020,9967457,1934,3
Ecuador,2021,10085976,2175,0
Ecuador,2022,10201166,1486,1
El Salvador,2000,1209571,753,0
El Salvador,2001,1215583,362,0
El Salvador,2002,1220288,117,0
El Salvador,2003,1223450,85,0
El Salvador,2004,1225237,112,0
El Salvador,2005,1225676,67,0
El Salvador,2006,1224990,49,0
El Salvador,2007,1226958,40,0
El Salvador,2008,1231824,33,0
El Salvador,2009,1236511,21,0
El Salvador,2010,1241148,17,0
El Salvador,2011,1245881,7,0
El Salvador,2012,1250741,13,0
El Salvador,2013,1255685,6,0
El Salvador,2014,1260533,6,0
El Salvador,2015,1264906,5,0
El Salvador,2016,1268853,12,0
El Salvador,2017,1272130,0,0
El Salvador,2018,1274097,0,0
El Salvador,2019,1274884,0,0
El Salvador,2020,1277424,0,0
El Salvador,2021,1281775,0,0
El Salvador,2022,1286287,0,0
French Guiana,2000,90932,4428,0
French Guiana,2001,94831,4554,3
French Guiana,2002,98887,4348,2
French Guiana,2003,103024,4540,5
French Guiana,2004,107167,3580,1
French Guiana,2005,111352,4015,2
French Guiana,2006,115009,4796,5
French Guiana,2007,118016,5647,5
French Guiana,2008,120901,3884,2
French Guiana,2009,123671,4051,1
French Guiana,2010,126398,2092,1
French Guiana,2011,129263,1413,2
French Guiana,2012,132368,1054,2
French Guiana,2013,135758,1025,3
French Guiana,2014,139078,541,0
French Guiana,2015,142207,462,0
French Guiana,2016,145409,268,0
French Guiana,2017,149027,685,0
French Guiana,2018,153063,640,0
French Guiana,2019,157171,248,0
French Guiana,2020,160987,164,0
French Guiana,2021,164572,74,0
French Guiana,2022,168505,21,0
Guatemala,2000,8859661,63676,0
Guatemala,2001,9065980,42680,0
Guatemala,2002,9277858,42213,0
Guatemala,2003,9489724,36810,0
Guatemala,2004,9702560,34124,2
Guatemala,2005,9914223,46748,4
Guatemala,2006,10125293,36610,2
Guatemala,2007,10339841,17992,3
Guatemala,2008,10553367,8421,0
Guatemala,2009,10764714,8285,0
Guatemala,2010,10978892,9468,0
Guatemala,2011,11198070,7968,0
Guatemala,2012,11420660,6262,0
Guatemala,2013,11642875,7282,1
Guatemala,2014,11862616,5764,1
Guatemala,2015,12079555,6482,1
Guatemala,2016,12298404,5857,0
Guatemala,2017,12515609,4832,0
Guatemala,2018,12720534,3541,0
Guatemala,2019,12913916,2428,0
Guatemala,2020,13107463,1241,0
Guatemala,2021,13292996,1273,0
Guatemala,2022,13470723,1856,0
Guyana,2000,759051,33628,50
Guyana,2001,759809,37974,52
Guyana,2002,760323,30656,42
Guyana,2003,760562,38681,53
Guyana,2004,760424,40416,51
Guyana,2005,759709,54583,69
Guyana,2006,758367,27629,40
Guyana,2007,756521,15697,20
Guyana,2008,754150,16365,23
Guyana,2009,751258,17877,28
Guyana,2010,747932,29631,52
Guyana,2011,744230,38863,72
Guyana,2012,743966,43572,76
Guyana,2013,747420,57459,90
Guyana,2014,751115,22310,27
Guyana,2015,755031,18030,22
Guyana,2016,759087,19317,25
Guyana,2017,763252,25167,34
Guyana,2018,785514,30769,39
Guyana,2019,798753,26050,30
Guyana,2020,797202,22093,25
Guyana,2021,804567,25713,27
Guyana,2022,808726,26478,31
Haiti,2000,7469192,72190,184
Haiti,2001,7604548,73498,188
Haiti,2002,7738398,74792,191
Haiti,2003,7873035,76093,194
Haiti,2004,8006373,77382,198
Haiti,2005,8140753,78681,201
Haiti,2006,8278687,81199,207
Haiti,2007,8416754,73292,187
Haiti,2008,8554717,89554,229
Haiti,2009,8693546,84023,215
Haiti,2010,8793825,84993,217
Haiti,2011,8893381,81483,208
Haiti,2012,9031170,65545,167
Haiti,2013,9167566,62551,160
Haiti,2014,9302950,33119,84
Haiti,2015,9437871,32185,82
Haiti,2016,9571966,36279,92
Haiti,2017,9705706,33122,84
Haiti,2018,9838717,16000,40
Haiti,2019,9970958,17703,45
Haiti,2020,10101722,40876,104
Haiti,2021,10227487,22546,57
Haiti,2022,10350267,34975,89
Honduras,2000,6029661,51498,0
Honduras,2001,6193734,35405,0
Honduras,2002,6358632,25251,0
Honduras,2003,6523463,20706,0
Honduras,2004,6687890,25353,0
Honduras,2005,6852026,23468,1
Honduras,2006,7015602,17218,0
Honduras,2007,7177977,14962,2
Honduras,2008,7338589,11741,2
Honduras,2009,7497580,12900,1
Honduras,2010,7654855,13308,3
Honduras,2011,7810264,10269,2
Honduras,2012,7964126,8680,1
Honduras,2013,8116563,7231,1
Honduras,2014,8268002,4553,2
Honduras,2015,8418962,4792,0
Honduras,2016,8569590,5519,0
Honduras,2017,8719993,1716,1
Honduras,2018,8870363,933,1
Honduras,2019,9020707,444,0
Honduras,2020,9168292,1098,0
Honduras,2021,9310124,1552,0
Honduras,2022,9450084,3544,0
Mexico,2000,2074916,7390,0
Mexico,2001,2107158,4996,0
Mexico,2002,2139442,4624,0
Mexico,2003,2171502,3819,0
Mexico,2004,2203651,3406,0
Mexico,2005,2235378,2967,0
Mexico,2006,2265999,2514,0
Mexico,2007,2296023,2361,0
Mexico,2008,2325311,2357,0
Mexico,2009,2354247,2703,0
Mexico,2010,2385686,1226,0
Mexico,2011,2419990,1124,0
Mexico,2012,2454025,833,0
Mexico,2013,2486562,495,0
Mexico,2014,2517624,656,0
Mexico,2015,2547177,517,0
Mexico,2016,2576207,551,0
Mexico,2017,2604192,736,0
Mexico,2018,2629093,803,0
Mexico,2019,2651808,618,0
Mexico,2020,2671164,356,0
Mexico,2021,2686148,242,0
Mexico,2022,2703087,163,0
Nicaragua,2000,4508435,29953,4
Nicaragua,2001,4569632,13275,2
Nicaragua,2002,4627925,9745,8
Nicaragua,2003,4684294,8507,7
Nicaragua,2004,4739876,8735,1
Nicaragua,2005,4800116,8412,6
Nicaragua,2006,4866233,3943,1
Nicaragua,2007,4934558,1717,0
Nicaragua,2008,5005214,965,0
Nicaragua,2009,5078162,772,0
Nicaragua,2010,5153045,876,1
Nicaragua,2011,5229446,1171,1
Nicaragua,2012,5306934,1564,2
Nicaragua,2013,5385053,1471,0
Nicaragua,2014,5463634,1446,0
Nicaragua,2015,5542766,2886,1
Nicaragua,2016,5622526,7943,2
Nicaragua,2017,5702868,13866,1
Nicaragua,2018,5783565,20158,3
Nicaragua,2019,5864253,16717,1
Nicaragua,2020,5945187,32469,0
Nicaragua,2021,6028475,29457,0
Nicaragua,2022,6114584,20400,0
Panama,2000,2011159,1091,1
Panama,2001,2050886,977,1
Panama,2002,2091063,2363,2
Panama,2003,2131677,4739,4
Panama,2004,2173018,5365,2
Panama,2005,2214931,3861,1
Panama,2006,2256943,1751,1
Panama,2007,2299181,1349,1
Panama,2008,2341834,783,1
Panama,2009,2384759,819,0
Panama,2010,2427823,440,1
Panama,2011,2471411,372,0
Panama,2012,2515757,888,1
Panama,2013,2560442,740,0
Panama,2014,2605491,1005,0
Panama,2015,2651256,575,0
Panama,2016,2697645,809,0
Panama,2017,2744362,801,0
Panama,2018,2790720,789,0
Panama,2019,2835796,1849,0
Panama,2020,2877245,2051,0
Panama,2021,2915348,4156,0
Panama,2022,2953749,6675,0
Paraguay,2000,184457,6853,0
Paraguay,2001,187615,2706,0
Paraguay,2002,190314,2775,0
Paraguay,2003,192717,1388,0
Paraguay,2004,194987,692,0
Paraguay,2005,197167,373,0
Paraguay,2006,199248,820,0
Paraguay,2007,201245,1337,0
Paraguay,2008,203225,331,0
Paraguay,2009,205292,80,0
Paraguay,2010,207670,20,0
Paraguay,2011,210381,1,0
Paraguay,2012,213239,0,0
Paraguay,2013,216203,0,0
Paraguay,2014,219265,0,0
Paraguay,2015,222406,0,0
Paraguay,2016,225598,0,0
Paraguay,2017,228794,0,0
Paraguay,2018,231959,0,0
Paraguay,2019,235080,0,0
Paraguay,2020,238273,0,0
Paraguay,2021,241336,0,0
Paraguay,2022,244106,0,0
Peru,2000,10468797,94271,96
Peru,2001,10610375,105067,89
Peru,2002,10735899,128960,108
Peru,2003,10849343,111816,95
Peru,2004,10955612,115387,98
Peru,2005,11055120,108134,80
Peru,2006,11146952,80054,52
Peru,2007,11233088,62633,43
Peru,2008,11313916,54608,34
Peru,2009,11393702,52035,31
Peru,2010,11480206,37847,20
Peru,2011,11577669,30924,19
Peru,2012,11684448,40437,24
Peru,2013,11798042,62669,45
Peru,2014,11921818,83936,60
Peru,2015,12062391,86896,70
Peru,2016,12227710,72836,69
Peru,2017,12413370,72752,64
Peru,2018,12648421,58455,48
Peru,2019,12892292,45729,35
Peru,2020,13080775,29745,23
Peru,2021,13242088,23250,17
Peru,2022,13373316,35740,25
Suriname,2000,70748,11361,24
Suriname,2001,71988,16003,23
Suriname,2002,73209,12837,15
Suriname,2003,74408,10982,18
Suriname,2004,75411,8378,7
Suriname,2005,76245,9131,1
Suriname,2006,77102,3289,1
Suriname,2007,77977,1104,1
Suriname,2008,78862,2086,0
Suriname,2009,79756,2499,0
Suriname,2010,80656,1771,1
Suriname,2011,81551,795,1
Suriname,2012,82432,569,0
Suriname,2013,83294,525,1
Suriname,2014,84142,401,1
Suriname,2015,84997,81,0
Suriname,2016,85880,78,0
Suriname,2017,86782,137,1
Suriname,2018,87691,29,0
Suriname,2019,88664,104,0
Suriname,2020,89663,153,0
Suriname,2021,90537,22,0
Suriname,2022,91284,0,0
"Venezuela, RB",2000,12213864,35517,26
"Venezuela, RB",2001,12440102,23834,28
"Venezuela, RB",2002,12665464,35029,23
"Venezuela, RB",2003,12891014,37510,40
"Venezuela, RB",2004,13113464,54984,35
"Venezuela, RB",2005,13334392,52979,34
"Venezuela, RB",2006,13551040,43638,33
"Venezuela, RB",2007,13762548,48834,37
"Venezuela, RB",2008,13966916,37482,26
"Venezuela, RB",2009,14163946,41927,36
"Venezuela, RB",2010,14357511,57905,53
"Venezuela, RB",2011,14548080,53565,47
"Venezuela, RB",2012,14735213,61850,56
"Venezuela, RB",2013,14919010,92159,105
"Venezuela, RB",2014,15096629,106079,110
"Venezuela, RB",2015,15264858,159661,150
"Venezuela, RB",2016,15370732,281897,261
"Venezuela, RB",2017,15281716,482617,424
"Venezuela, RB",2018,14912826,475212,373
"Venezuela, RB",2019,14485842,467421,351
"Venezuela, RB",2020,14245226,223349,196
"Venezuela, RB",2021,14099934,204683,156
"Venezuela, RB",2022,14150848,154284,126
Afghanistan,2000,15088715,1312939,965
Afghanistan,2001,15201168,1312939,965
Afghanistan,2002,16213845,1382972,1133
Afghanistan,2003,17483817,1242906,798
Afghanistan,2004,18185190,716954,350
Afghanistan,2005,18847355,535477,259
Afghanistan,2006,19643949,418216,222
Afghanistan,2007,19999380,452626,236
Afghanistan,2008,20403872,402909,198
Afghanistan,2009,21143606,274981,139
Afghanistan,2010,21764638,292015,165
Afghanistan,2011,22582643,362319,192
Afghanistan,2012,23522513,220653,92
Afghanistan,2013,24352287,279634,129
Afghanistan,2014,25259481,319142,152
Afghanistan,2015,26060350,368235,174
Afghanistan,2016,26741870,733205,351
Afghanistan,2017,27519513,798871,378
Afghanistan,2018,28325075,633500,292
Afghanistan,2019,29161017,413480,170
Afghanistan,2020,30089621,253150,110
Afghanistan,2021,30959932,193232,91
Afghanistan,2022,31754639,287835,131
Djibouti,2000,556465,1731,4
Djibouti,2001,574055,1786,4
Djibouti,2002,591783,1841,4
Djibouti,2003,604743,1881,4
Djibouti,2004,613714,1909,4
Djibouti,2005,623078,1938,4
Djibouti,2006,635142,1976,29
Djibouti,2007,648827,2018,5
Djibouti,2008,662093,2060,5
Djibouti,2009,675754,2686,6
Djibouti,2010,689325,1010,2
Djibouti,2011,702532,2185,5
Djibouti,2012,715646,2226,5
Djibouti,2013,728736,1684,17
Djibouti,2014,741735,9439,28
Djibouti,2015,754613,9473,24
Djibouti,2016,767363,13822,30
Djibouti,2017,780091,14810,26
Djibouti,2018,792813,24845,43
Djibouti,2019,805409,49402,97
Djibouti,2020,817529,73535,129
Djibouti,2021,829078,58916,118
Djibouti,2022,840546,40648,81
"Egypt, Arab Rep.",2000,71371368,0,0
"Egypt, Arab Rep.",2001,72854264,0,0
"Egypt, Arab Rep.",2002,74393760,0,0
"Egypt, Arab Rep.",2003,75963320,0,0
"Egypt, Arab Rep.",2004,77522424,0,0
"Egypt, Arab Rep.",2005,79075312,0,0
"Egypt, Arab Rep.",2006,80629672,0,0
"Egypt, Arab Rep.",2007,82218752,0,0
"Egypt, Arab Rep.",2008,83844784,0,0
"Egypt, Arab Rep.",2009,85501064,0,0
"Egypt, Arab Rep.",2010,87252416,0,0
"Egypt, Arab Rep.",2011,89200056,0,0
"Egypt, Arab Rep.",2012,91240376,0,0
"Egypt, Arab Rep.",2013,93377888,0,0
"Egypt, Arab Rep.",2014,95592320,0,0
"Egypt, Arab Rep.",2015,97723800,0,0
"Egypt, Arab Rep.",2016,99784032,0,0
"Egypt, Arab Rep.",2017,101789384,0,0
"Egypt, Arab Rep.",2018,103740768,0,0
"Egypt, Arab Rep.",2019,105618672,0,0
"Egypt, Arab Rep.",2020,107465136,0,0
"Egypt, Arab Rep.",2021,109262176,0,0
"Egypt, Arab Rep.",2022,110990104,0,0
"Iran, Islamic Rep.",2000,669208,19716,4
"Iran, Islamic Rep.",2001,680750,19303,2
"Iran, Islamic Rep.",2002,687409,15558,2
"Iran, Islamic Rep.",2003,693817,23562,5
"Iran, Islamic Rep.",2004,705119,13821,1
"Iran, Islamic Rep.",2005,716564,18966,1
"Iran, Islamic Rep.",2006,727725,15909,1
"Iran, Islamic Rep.",2007,738381,15712,3
"Iran, Islamic Rep.",2008,748580,8349,3
"Iran, Islamic Rep.",2009,758834,4345,0
"Iran, Islamic Rep.",2010,769567,1847,0
"Iran, Islamic Rep.",2011,779461,1632,0
"Iran, Islamic Rep.",2012,789482,756,0
"Iran, Islamic Rep.",2013,801065,480,0
"Iran, Islamic Rep.",2014,816408,358,0
"Iran, Islamic Rep.",2015,835084,167,0
"Iran, Islamic Rep.",2016,850556,81,0
"Iran, Islamic Rep.",2017,862796,57,0
"Iran, Islamic Rep.",2018,874155,0,0
"Iran, Islamic Rep.",2019,883820,0,0
"Iran, Islamic Rep.",2020,891232,0,0
"Iran, Islamic Rep.",2021,897698,0,0
"Iran, Islamic Rep.",2022,904101,1439,0
Iraq,2000,3201751,1860,0
Iraq,2001,3305336,1265,0
Iraq,2002,3413194,952,0
Iraq,2003,3518947,347,0
Iraq,2004,3621663,155,0
Iraq,2005,3730828,47,0
Iraq,2006,3757729,24,0
Iraq,2007,3725915,2,0
Iraq,2008,3798389,2,0
Iraq,2009,3937575,0,0
Iraq,2010,4064433,0,0
Iraq,2011,4209147,0,0
Iraq,2012,4402378,0,0
Iraq,2013,4612634,0,0
Iraq,2014,4777043,0,0
Iraq,2015,4908515,0,0
Iraq,2016,5030732,5,0
Iraq,2017,5150750,0,0
Iraq,2018,5276791,0,0
Iraq,2019,5403257,0,0
Iraq,2020,5532407,0,0
Iraq,2021,5659366,0,0
Iraq,2022,5784495,0,0
Morocco,2000,28554416,3,0
Morocco,2001,28930096,0,0
Morocco,2002,29301816,19,0
Morocco,2003,29661270,4,0
Morocco,2004,30033124,1,0
Morocco,2005,30431902,0,0
Morocco,2006,30833022,0,0
Morocco,2007,31232632,0,0
Morocco,2008,31634992,0,0
Morocco,2009,32042876,0,0
Morocco,2010,32464864,0,0
Morocco,2011,32903700,0,0
Morocco,2012,33352168,0,0
Morocco,2013,33803528,0,0
Morocco,2014,34248604,0,0
Morocco,2015,34680456,0,0
Morocco,2016,35107264,0,0
Morocco,2017,35528116,0,0
Morocco,2018,35927512,0,0
Morocco,2019,36304408,0,0
Morocco,2020,36688772,0,0
Morocco,2021,37076584,0,0
Morocco,2022,37457972,0,0
Oman,2000,2344253,6,0
Oman,2001,2374653,2,0
Oman,2002,2403659,6,0
Oman,2003,2431600,6,0
Oman,2004,2468855,0,0
Oman,2005,2515192,0,0
Oman,2006,2560649,0,0
Oman,2007,2605700,4,0
Oman,2008,2651028,0,0
Oman,2009,2697537,0,0
Oman,2010,2881914,0,0
Oman,2011,3206870,0,0
Oman,2012,3535579,0,0
Oman,2013,3816680,0,0
Oman,2014,4009267,0,0
Oman,2015,4191776,0,0
Oman,2016,4398070,0,0
Oman,2017,4541854,0,0
Oman,2018,4601157,0,0
Oman,2019,4602768,0,0
Oman,2020,4543399,0,0
Oman,2021,4520471,0,0
Oman,2022,4576298,0,0
Pakistan,2000,151762612,923913,989
Pakistan,2001,156528540,1037774,1144
Pakistan,2002,160505291,966325,1001
Pakistan,2003,164058125,924733,991
Pakistan,2004,167766368,683580,643
Pakistan,2005,171426951,845170,923
Pakistan,2006,175062381,851104,882
Pakistan,2007,178851822,835398,879
Pakistan,2008,182791561,763800,679
Pakistan,2009,186912034,1015691,1000
Pakistan,2010,191170159,1445704,1616
Pakistan,2011,195248335,1905938,1814
Pakistan,2012,198790599,1652576,1703
Pakistan,2013,201869416,1381009,1165
Pakistan,2014,204734261,994600,725
Pakistan,2015,207406024,1000339,765
Pakistan,2016,209918397,1017237,844
Pakistan,2017,212724995,819944,641
Pakistan,2018,216020207,705529,511
Pakistan,2019,219521856,640380,544
Pakistan,2020,223359383,542779,454
Pakistan,2021,227493730,505620,460
Pakistan,2022,231841782,2655017,3049
Saudi Arabia,2000,2310565,6608,0
Saudi Arabia,2001,2368313,3074,0
Saudi Arabia,2002,2425949,2612,0
Saudi Arabia,2003,2482506,1724,0
Saudi Arabia,2004,2537297,1232,0
Saudi Arabia,2005,2616202,1059,0
Saudi Arabia,2006,2721850,1278,0
Saudi Arabia,2007,2830926,467,0
Saudi Arabia,2008,2942156,61,0
Saudi Arabia,2009,3054368,58,0
Saudi Arabia,2010,3153893,29,0
Saudi Arabia,2011,3233139,69,0
Saudi Arabia,2012,3305049,82,0
Saudi Arabia,2013,3375924,34,0
Saudi Arabia,2014,3444881,30,0
Saudi Arabia,2015,3511824,83,0
Saudi Arabia,2016,3583286,272,0
Saudi Arabia,2017,3666589,177,0
Saudi Arabia,2018,3755056,61,0
Saudi Arabia,2019,3841831,38,0
Saudi Arabia,2020,3860034,83,0
Saudi Arabia,2021,3855025,0,0
Saudi Arabia,2022,3904182,0,0
Somalia,2000,8721465,1159428,2968
Somalia,2001,9070747,1292417,3308
Somalia,2002,9411103,1271734,3255
Somalia,2003,9758281,1302001,3333
Somalia,2004,10117354,1231077,3151
Somalia,2005,10467292,1392703,3565
Somalia,2006,10784973,1298262,3323
Somalia,2007,11118092,1121735,2780
Somalia,2008,11444870,704620,1772
Somalia,2009,11730037,455002,1144
Somalia,2010,12026649,493866,1264
Somalia,2011,12216837,411251,1052
Somalia,2012,12440326,426151,1090
Somalia,2013,12852485,529269,1339
Somalia,2014,13309235,660324,1607
Somalia,2015,13763906,800085,1959
Somalia,2016,14292847,829311,2031
Somalia,2017,14864221,814261,2084
Somalia,2018,15411094,927013,2231
Somalia,2019,15981300,964528,2329
Somalia,2020,16537016,927848,2375
Somalia,2021,17065580,1113178,2464
Somalia,2022,17597512,1037936,2507
Sudan,2000,26298772,2439775,5978
Sudan,2001,26947252,2326967,5702
Sudan,2002,27570318,1837673,4503
Sudan,2003,28188976,1722030,4219
Sudan,2004,28831550,1596519,3911
Sudan,2005,29540576,1614440,3956
Sudan,2006,30332968,1597895,3915
Sudan,2007,31191164,1450820,3555
Sudan,2008,32065240,1238850,3035
Sudan,2009,32948156,1140986,2795
Sudan,2010,33739932,1104287,2705
Sudan,2011,34419624,1120801,2746
Sudan,2012,35159792,1162568,2848
Sudan,2013,35990704,1257489,3081
Sudan,2014,37003244,1427317,3497
Sudan,2015,38171176,1611298,3948
Sudan,2016,39377168,2097220,4527
Sudan,2017,40679828,2187618,5213
Sudan,2018,41999060,2485883,5882
Sudan,2019,43232092,2835630,6673
Sudan,2020,44440488,3261859,7635
Sudan,2021,45657200,3325874,7784
Sudan,2022,46874204,3361374,7868
Syrian Arab Republic,2000,16307654,6,0
Syrian Arab Republic,2001,16727948,63,0
Syrian Arab Republic,2002,17164020,15,0
Syrian Arab Republic,2003,17611356,2,0
Syrian Arab Republic,2004,18084008,1,0
Syrian Arab Republic,2005,18583556,0,0
Syrian Arab Republic,2006,19432008,0,0
Syrian Arab Republic,2007,20703004,0,0
Syrian Arab Republic,2008,21474060,0,0
Syrian Arab Republic,2009,21827220,0,0
Syrian Arab Republic,2010,22337564,0,0
Syrian Arab Republic,2011,22730732,0,0
Syrian Arab Republic,2012,22605576,0,0
Syrian Arab Republic,2013,21495820,0,0
Syrian Arab Republic,2014,20072232,0,0
Syrian Arab Republic,2015,19205178,0,0
Syrian Arab Republic,2016,18964252,0,0
Syrian Arab Republic,2017,18983372,0,0
Syrian Arab Republic,2018,19333464,0,0
Syrian Arab Republic,2019,20098252,0,0
Syrian Arab Republic,2020,20772596,0,0
Syrian Arab Republic,2021,21324368,0,0
Syrian Arab Republic,2022,22125248,0,0
United Arab Emirates,2000,3275333,0,0
United Arab Emirates,2001,3454198,0,0
United Arab Emirates,2002,3633655,0,0
United Arab Emirates,2003,3813443,0,0
United Arab Emirates,2004,3993339,0,0
United Arab Emirates,2005,4280993,0,0
United Arab Emirates,2006,4898954,0,0
United Arab Emirates,2007,5872624,0,0
United Arab Emirates,2008,6988685,0,0
United Arab Emirates,2009,7992644,0,0
United Arab Emirates,2010,8481771,0,0
United Arab Emirates,2011,8575205,0,0
United Arab Emirates,2012,8664969,0,0
United Arab Emirates,2013,8751847,0,0
United Arab Emirates,2014,8835951,0,0
United Arab Emirates,2015,8916899,0,0
United Arab Emirates,2016,8994263,0,0
United Arab Emirates,2017,9068296,0,0
United Arab Emirates,2018,9140169,0,0
United Arab Emirates,2019,9211657,0,0
United Arab Emirates,2020,9287289,0,0
United Arab Emirates,2021,9365145,0,0
United Arab Emirates,2022,9441129,0,0
"Yemen, Rep.",2000,11990187,1061470,2656
"Yemen, Rep.",2001,12321505,1182990,2961
"Yemen, Rep.",2002,12654393,1307377,3283
"Yemen, Rep.",2003,12994331,1188478,2964
"Yemen, Rep.",2004,13344861,956179,2391
"Yemen, Rep.",2005,13722850,1002795,2495
"Yemen, Rep.",2006,14138401,1201845,3027
"Yemen, Rep.",2007,14573012,852425,2117
"Yemen, Rep.",2008,15015494,539905,1361
"Yemen, Rep.",2009,15466418,702010,1779
"Yemen, Rep.",2010,15926208,1131912,2866
"Yemen, Rep.",2011,16397136,792771,2015
"Yemen, Rep.",2012,16878439,860962,2197
"Yemen, Rep.",2013,17367999,700432,1786
"Yemen, Rep.",2014,17863153,587292,1498
"Yemen, Rep.",2015,18354405,513816,1309
"Yemen, Rep.",2016,18841936,661252,1681
"Yemen, Rep.",2017,19331351,747173,1886
"Yemen, Rep.",2018,19818023,871031,2212
"Yemen, Rep.",2019,20304731,831533,2108
"Yemen, Rep.",2020,20779322,800213,2030
"Yemen, Rep.",2021,21228322,979967,2456
"Yemen, Rep.",2022,21688509,888828,2222
Armenia,2000,3168523,141,0
Armenia,2001,3133133,79,0
Armenia,2002,3105037,52,0
Armenia,2003,3084102,29,0
Armenia,2004,3065745,47,0
Armenia,2005,3047246,7,0
Armenia,2006,3026486,0,0
Armenia,2007,3004393,0,0
Armenia,2008,2983421,0,0
Armenia,2009,2964296,0,0
Armenia,2010,2946293,0,0
Armenia,2011,2928976,0,0
Armenia,2012,2914421,0,0
Armenia,2013,2901385,0,0
Armenia,2014,2889930,0,0
Armenia,2015,2878595,0,0
Armenia,2016,2865835,0,0
Armenia,2017,2851923,0,0
Armenia,2018,2836557,0,0
Armenia,2019,2820602,0,0
Armenia,2020,2805608,0,0
Armenia,2021,2790974,0,0
Armenia,2022,2780469,0,0
Azerbaijan,2000,188377,1526,0
Azerbaijan,2001,190486,1054,0
Azerbaijan,2002,192558,505,0
Azerbaijan,2003,194633,480,0
Azerbaijan,2004,196791,386,0
Azerbaijan,2005,199093,242,0
Azerbaijan,2006,201557,141,0
Azerbaijan,2007,204203,108,0
Azerbaijan,2008,206993,72,0
Azerbaijan,2009,209751,78,0
Azerbaijan,2010,212455,50,0
Azerbaijan,2011,215257,4,0
Azerbaijan,2012,218168,3,0
Azerbaijan,2013,221132,0,0
Azerbaijan,2014,224063,0,0
Azerbaijan,2015,226860,0,0
Azerbaijan,2016,229453,0,0
Azerbaijan,2017,231646,0,0
Azerbaijan,2018,233508,0,0
Azerbaijan,2019,235353,0,0
Azerbaijan,2020,236553,0,0
Azerbaijan,2021,237198,0,0
Azerbaijan,2022,238235,0,0
Georgia,2000,42651,245,0
Georgia,2001,41444,438,0
Georgia,2002,40611,474,0
Georgia,2003,40178,316,0
Georgia,2004,39888,257,0
Georgia,2005,39611,155,0
Georgia,2006,39338,59,0
Georgia,2007,39064,24,0
Georgia,2008,38796,6,0
Georgia,2009,38552,1,0
Georgia,2010,38368,0,0
Georgia,2011,38216,0,0
Georgia,2012,38043,0,0
Georgia,2013,37860,0,0
Georgia,2014,37742,0,0
Georgia,2015,37711,0,0
Georgia,2016,37711,0,0
Georgia,2017,37719,0,0
Georgia,2018,37723,0,0
Georgia,2019,37708,0,0
Georgia,2020,37659,0,0
Georgia,2021,37579,0,0
Georgia,2022,37443,0,0
Kazakhstan,2000,15236253,0,0
Kazakhstan,2001,15281285,0,0
Kazakhstan,2002,15338963,0,0
Kazakhstan,2003,15416712,0,0
Kazakhstan,2004,15521923,0,0
Kazakhstan,2005,15656248,0,0
Kazakhstan,2006,15822748,0,0
Kazakhstan,2007,16006136,0,0
Kazakhstan,2008,16196517,0,0
Kazakhstan,2009,16402369,0,0
Kazakhstan,2010,16627837,0,0
Kazakhstan,2011,16864916,0,0
Kazakhstan,2012,17102864,0,0
Kazakhstan,2013,17345732,0,0
Kazakhstan,2014,17592298,0,0
Kazakhstan,2015,17835908,0,0
Kazakhstan,2016,18078552,0,0
Kazakhstan,2017,18314814,0,0
Kazakhstan,2018,18538100,0,0
Kazakhstan,2019,18754258,0,0
Kazakhstan,2020,18979244,0,0
Kazakhstan,2021,19196464,0,0
Kazakhstan,2022,19397998,0,0
Kyrgyz Republic,2000,3849441,7,0
Kyrgyz Republic,2001,3885526,15,0
Kyrgyz Republic,2002,3920779,2725,0
Kyrgyz Republic,2003,3961055,461,0
Kyrgyz Republic,2004,4006891,91,0
Kyrgyz Republic,2005,4050628,225,0
Kyrgyz Republic,2006,4092492,318,0
Kyrgyz Republic,2007,4129917,96,0
Kyrgyz Republic,2008,4169423,18,0
Kyrgyz Republic,2009,4222986,1,0
Kyrgyz Republic,2010,4277343,3,0
Kyrgyz Republic,2011,4330822,0,0
Kyrgyz Republic,2012,4392921,0,0
Kyrgyz Republic,2013,4461256,0,0
Kyrgyz Republic,2014,4535245,0,0
Kyrgyz Republic,2015,4613684,0,0
Kyrgyz Republic,2016,4694273,0,0
Kyrgyz Republic,2017,4774583,0,0
Kyrgyz Republic,2018,4854325,0,0
Kyrgyz Republic,2019,4932441,0,0
Kyrgyz Republic,2020,5011401,0,0
Kyrgyz Republic,2021,5091639,0,0
Kyrgyz Republic,2022,5171885,0,0
Tajikistan,2000,2095181,19064,0
Tajikistan,2001,2140542,11387,0
Tajikistan,2002,2184946,6160,0
Tajikistan,2003,2228612,5428,0
Tajikistan,2004,2271602,3588,0
Tajikistan,2005,2314334,2309,0
Tajikistan,2006,2357177,1344,0
Tajikistan,2007,2400922,635,0
Tajikistan,2008,2446425,318,0
Tajikistan,2009,2494511,164,0
Tajikistan,2010,2545674,112,0
Tajikistan,2011,2600129,78,0
Tajikistan,2012,2657431,28,0
Tajikistan,2013,2717627,4,0
Tajikistan,2014,2781000,2,0
Tajikistan,2015,2847037,0,0
Tajikistan,2016,2914256,0,0
Tajikistan,2017,2981125,0,0
Tajikistan,2018,3048796,0,0
Tajikistan,2019,3118559,0,0
Tajikistan,2020,3187431,0,0
Tajikistan,2021,3256521,0,0
Tajikistan,2022,3324230,0,0
Turkey,2000,4167380,11432,0
Turkey,2001,4229681,10812,0
Turkey,2002,4289263,10224,0
Turkey,2003,4346376,9222,0
Turkey,2004,4406029,5302,0
Turkey,2005,4465806,2084,0
Turkey,2006,4524086,796,0
Turkey,2007,4580476,313,0
Turkey,2008,4635847,166,0
Turkey,2009,4694666,38,0
Turkey,2010,4757697,0,0
Turkey,2011,4821300,0,0
Turkey,2012,4893033,0,0
Turkey,2013,4977447,0,0
Turkey,2014,5077284,0,0
Turkey,2015,5177001,0,0
Turkey,2016,5266260,0,0
Turkey,2017,5335838,0,0
Turkey,2018,5382604,0,0
Turkey,2019,5426309,0,0
Turkey,2020,5468802,0,0
Turkey,2021,5510401,0,0
Turkey,2022,5547180,0,0
Turkmenistan,2000,296993,24,0
Turkmenistan,2001,301281,8,0
Turkmenistan,2002,305432,18,0
Turkmenistan,2003,309334,7,0
Turkmenistan,2004,313286,3,0
Turkmenistan,2005,317575,1,0
Turkmenistan,2006,322011,1,0
Turkmenistan,2007,326618,0,0
Turkmenistan,2008,331505,0,0
Turkmenistan,2009,336762,0,0
Turkmenistan,2010,342418,0,0
Turkmenistan,2011,348452,0,0
Turkmenistan,2012,354814,0,0
Turkmenistan,2013,361406,0,0
Turkmenistan,2014,368104,0,0
Turkmenistan,2015,374818,0,0
Turkmenistan,2016,381456,0,0
Turkmenistan,2017,387944,0,0
Turkmenistan,2018,394229,0,0
Turkmenistan,2019,400297,0,0
Turkmenistan,2020,406278,0,0
Turkmenistan,2021,412220,0,0
Turkmenistan,2022,418000,0,0
Uzbekistan,2000,24925,126,0
Uzbekistan,2001,25248,77,0
Uzbekistan,2002,25579,74,0
Uzbekistan,2003,25905,74,0
Uzbekistan,2004,26234,66,0
Uzbekistan,2005,26573,102,0
Uzbekistan,2006,26926,73,0
Uzbekistan,2007,27309,30,0
Uzbekistan,2008,27726,7,0
Uzbekistan,2009,28167,0,0
Uzbekistan,2010,28614,3,0
Uzbekistan,2011,29057,0,0
Uzbekistan,2012,29503,0,0
Uzbekistan,2013,29963,0,0
Uzbekistan,2014,30446,0,0
Uzbekistan,2015,30949,0,0
Uzbekistan,2016,31453,0,0
Uzbekistan,2017,31945,0,0
Uzbekistan,2018,32449,0,0
Uzbekistan,2019,32976,0,0
Uzbekistan,2020,33526,0,0
Uzbekistan,2021,34081,0,0
Uzbekistan,2022,34627,0,0
Bangladesh,2000,13923198,94616,484
Bangladesh,2001,14190162,96431,470
Bangladesh,2002,14456283,98239,598
Bangladesh,2003,14710985,99970,574
Bangladesh,2004,14957405,101645,505
Bangladesh,2005,15186186,103199,501
Bangladesh,2006,15371146,68539,508
Bangladesh,2007,15533567,126937,263
Bangladesh,2008,15672092,121043,264
Bangladesh,2009,15810631,80603,187
Bangladesh,2010,15992151,69307,166
Bangladesh,2011,16188279,63432,155
Bangladesh,2012,16390849,35375,85
Bangladesh,2013,16599868,31594,77
Bangladesh,2014,16807989,66274,160
Bangladesh,2015,17009380,45478,105
Bangladesh,2016,17220025,31621,72
Bangladesh,2017,17436578,33331,73
Bangladesh,2018,17640262,12397,26
Bangladesh,2019,17837726,21202,47
Bangladesh,2020,18042998,7545,15
Bangladesh,2021,18251568,8974,16
Bangladesh,2022,18448799,22451,41
Bhutan,2000,434533,5935,15
Bhutan,2001,446393,5982,14
Bhutan,2002,458095,6511,11
Bhutan,2003,469623,3806,14
Bhutan,2004,480993,2670,7
Bhutan,2005,490859,1825,5
Bhutan,2006,498212,1868,7
Bhutan,2007,504394,793,2
Bhutan,2008,510405,329,2
Bhutan,2009,516281,1057,4
Bhutan,2010,522081,436,2
Bhutan,2011,527864,194,1
Bhutan,2012,533647,82,1
Bhutan,2013,539377,15,0
Bhutan,2014,544904,19,0
Bhutan,2015,550022,34,0
Bhutan,2016,554823,15,0
Bhutan,2017,559529,11,0
Bhutan,2018,563951,6,0
Bhutan,2019,567919,2,0
Bhutan,2020,571654,22,0
Bhutan,2021,575339,9,0
Bhutan,2022,579016,0,0
"Korea, Dem. People's Rep.",2000,9134970,90582,0
"Korea, Dem. People's Rep.",2001,9191836,115615,0
"Korea, Dem. People's Rep.",2002,9241051,98852,0
"Korea, Dem. People's Rep.",2003,9297070,16538,0
"Korea, Dem. People's Rep.",2004,9362443,15827,0
"Korea, Dem. People's Rep.",2005,9421885,6728,0
"Korea, Dem. People's Rep.",2006,9474574,6913,0
"Korea, Dem. People's Rep.",2007,9521778,4795,0
"Korea, Dem. People's Rep.",2008,9565774,16611,0
"Korea, Dem. People's Rep.",2009,9609739,14632,0
"Korea, Dem. People's Rep.",2010,9650759,13520,0
"Korea, Dem. People's Rep.",2011,9688817,16760,0
"Korea, Dem. People's Rep.",2012,9729467,21850,0
"Korea, Dem. People's Rep.",2013,9774053,14407,0
"Korea, Dem. People's Rep.",2014,9822650,10535,0
"Korea, Dem. People's Rep.",2015,9874208,7022,0
"Korea, Dem. People's Rep.",2016,9925654,5033,0
"Korea, Dem. People's Rep.",2017,9975188,4603,0
"Korea, Dem. People's Rep.",2018,10022815,3698,0
"Korea, Dem. People's Rep.",2019,10068668,1869,0
"Korea, Dem. People's Rep.",2020,10112464,1819,0
"Korea, Dem. People's Rep.",2021,10153293,2357,0
"Korea, Dem. People's Rep.",2022,10191412,2136,0
India,2000,990121695,19669154,29526
India,2001,1008190390,20076771,28672
India,2002,1026263749,18891408,27203
India,2003,1044112732,20223876,27843
India,2004,1061725619,22461793,31231
India,2005,1078894419,24288793,32628
India,2006,1095466041,19835823,27841
India,2007,1111647995,19229698,27805
India,2008,1127573041,20103083,29909
India,2009,1143369395,20651527,32019
India,2010,1159229377,20162281,30534
India,2011,1175121294,17303486,25671
India,2012,1190880809,14061471,20492
India,2013,1206433770,10937612,16672
India,2014,1221491095,11152100,20155
India,2015,1236086513,11935740,21846
India,2016,1250821747,12375441,22334
India,2017,1265360473,9355686,16324
India,2018,1279196649,6747139,9634
India,2019,1292379912,5550296,7704
India,2020,1304784080,4897682,8668
India,2021,1315227711,4784708,8358
India,2022,1324206563,3389400,5511
Indonesia,2000,214072416,1141362,1550
Indonesia,2001,217112432,1157570,1572
Indonesia,2002,220115088,1173580,1593
Indonesia,2003,223080128,1189388,1615
Indonesia,2004,225938592,1087185,1367
Indonesia,2005,228805152,1187260,1647
Indonesia,2006,231797424,1385963,1957
Indonesia,2007,234858288,1252185,1701
Indonesia,2008,237936544,1268598,1723
Indonesia,2009,240981296,1284831,1744
Indonesia,2010,244016176,1991459,3209
Indonesia,2011,247099696,1811566,2875
Indonesia,2012,250222688,1797022,2837
Indonesia,2013,253275920,1529542,2446
Indonesia,2014,256229760,1163077,1895
Indonesia,2015,259091968,1039394,1651
Indonesia,2016,261850176,1087349,1893
Indonesia,2017,264498848,744237,1306
Indonesia,2018,267066848,662497,1142
Indonesia,2019,269582880,774340,1395
Indonesia,2020,271857984,769298,1415
Indonesia,2021,273753184,811636,1412
Indonesia,2022,275501344,1155531,2036
Myanmar,2000,39675216,1355454,2742
Myanmar,2001,40090359,1369637,2814
Myanmar,2002,40495845,1383490,2799
Myanmar,2003,40882732,1396707,2826
Myanmar,2004,41243565,1409035,2851
Myanmar,2005,41579888,1420525,2874
Myanmar,2006,41896848,1017913,2041
Myanmar,2007,42208211,1285206,2560
Myanmar,2008,42455506,1573810,3222
Myanmar,2009,42704987,1492378,3023
Myanmar,2010,43031838,1507212,3623
Myanmar,2011,43383414,1326603,3214
Myanmar,2012,43752531,1754334,3412
Myanmar,2013,44127300,611838,1169
Myanmar,2014,44496797,383705,729
Myanmar,2015,44855326,271652,481
Myanmar,2016,45211144,162032,274
Myanmar,2017,45556152,120755,209
Myanmar,2018,45885202,108681,164
Myanmar,2019,46211219,78326,97
Myanmar,2020,46544897,82144,77
Myanmar,2021,46871515,292857,231
Myanmar,2022,47203652,583983,465
Nepal,2000,7132434,7981,3
Nepal,2001,7247604,6396,3
Nepal,2002,7356831,12750,8
Nepal,2003,7458688,9506,6
Nepal,2004,7551928,4895,7
Nepal,2005,7633576,5050,10
Nepal,2006,7701493,4969,42
Nepal,2007,7758032,5621,4
Nepal,2008,7806789,3888,3
Nepal,2009,7849015,3335,8
Nepal,2010,7888112,3894,6
Nepal,2011,7918557,2335,2
Nepal,2012,7937229,2204,1
Nepal,2013,7952000,1974,0
Nepal,2014,7975393,832,0
Nepal,2015,8018438,591,0
Nepal,2016,8091292,507,3
Nepal,2017,8184875,623,4
Nepal,2018,8278762,493,0
Nepal,2019,8373374,131,0
Nepal,2020,8523266,73,0
Nepal,2021,8722595,32,1
Nepal,2022,8871459,36,0
Sri Lanka,2000,4318565,210039,77
Sri Lanka,2001,4351663,66522,52
Sri Lanka,2002,4395462,41411,30
Sri Lanka,2003,4439731,10510,4
Sri Lanka,2004,4482799,3720,1
Sri Lanka,2005,4524989,1640,0
Sri Lanka,2006,4570262,591,1
Sri Lanka,2007,4618090,198,1
Sri Lanka,2008,4665698,649,0
Sri Lanka,2009,4710969,531,0
Sri Lanka,2010,4753767,684,0
Sri Lanka,2011,4797741,124,0
Sri Lanka,2012,4833944,23,0
Sri Lanka,2013,4860303,0,0
Sri Lanka,2014,4885074,0,0
Sri Lanka,2015,4907440,0,0
Sri Lanka,2016,4927863,0,0
Sri Lanka,2017,4946566,0,0
Sri Lanka,2018,4963563,0,0
Sri Lanka,2019,4979422,0,0
Sri Lanka,2020,4994468,0,0
Sri Lanka,2021,5007891,0,0
Sri Lanka,2022,5021393,0,0
Thailand,2000,11967518,78561,625
Thailand,2001,12078203,63528,424
Thailand,2002,12186876,44555,361
Thailand,2003,12292075,37355,204
Thailand,2004,12393447,26690,230
Thailand,2005,12490261,29782,161
Thailand,2006,12584792,30294,113
Thailand,2007,12681044,33178,97
Thailand,2008,12776206,28569,101
Thailand,2009,12868319,29462,70
Thailand,2010,12955007,32480,80
Thailand,2011,13038950,24897,43
Thailand,2012,13123236,46895,37
Thailand,2013,13203235,41602,47
Thailand,2014,13275788,41218,38
Thailand,2015,13339065,17495,33
Thailand,2016,13398391,12076,27
Thailand,2017,13453642,7416,15
Thailand,2018,13497211,5110,15
Thailand,2019,13531360,4077,13
Thailand,2020,13563222,3123,3
Thailand,2021,13587025,2426,0
Thailand,2022,13605228,6263,0
Timor-Leste,2000,826105,128146,244
Timor-Leste,2001,839875,130282,248
Timor-Leste,2002,855524,104357,199
Timor-Leste,2003,871589,67524,125
Timor-Leste,2004,889711,234045,449
Timor-Leste,2005,911648,153748,304
Timor-Leste,2006,935396,164285,326
Timor-Leste,2007,958719,114693,226
Timor-Leste,2008,981022,134166,271
Timor-Leste,2009,1002150,100128,198
Timor-Leste,2010,1023731,95412,194
Timor-Leste,2011,1046764,30828,65
Timor-Leste,2012,1069995,7263,9
Timor-Leste,2013,1092453,1418,3
Timor-Leste,2014,1114343,473,1
Timor-Leste,2015,1134078,110,0
Timor-Leste,2016,1151712,112,0
Timor-Leste,2017,1169274,16,0
Timor-Leste,2018,1186777,0,0
Timor-Leste,2019,1204264,0,0
Timor-Leste,2020,1222657,3,0
Timor-Leste,2021,1242358,0,0
Timor-Leste,2022,1261501,0,0
Cambodia,2000,8621167,669109,1582
Cambodia,2001,8777210,388681,904
Cambodia,2002,8936267,349008,803
Cambodia,2003,9096991,464899,1062
Cambodia,2004,9259657,403094,894
Cambodia,2005,9423427,388706,705
Cambodia,2006,9587896,437975,897
Cambodia,2007,9756503,191165,394
Cambodia,2008,9919479,214883,497
Cambodia,2009,10070188,426267,853
Cambodia,2010,10218008,353293,644
Cambodia,2011,10367650,368041,641
Cambodia,2012,10519001,260016,383
Cambodia,2013,10670556,168806,231
Cambodia,2014,10820754,240449,399
Cambodia,2015,10967802,218837,374
Cambodia,2016,11115102,124137,204
Cambodia,2017,11261722,202696,336
Cambodia,2018,11400121,272272,265
Cambodia,2019,11529955,140073,102
Cambodia,2020,11664488,43341,27
Cambodia,2021,11801190,19064,10
Cambodia,2022,11928399,17607,9
China,2000,528671513,8025,39
China,2001,532285148,21237,30
China,2002,535708905,25520,42
China,2003,539032609,28491,52
China,2004,542354708,27197,31
China,2005,545730071,21936,48
China,2006,549159074,35383,38
China,2007,552683257,29304,18
China,2008,556302513,16650,23
China,2009,560049121,9287,12
China,2010,563840590,4990,19
China,2011,567564448,1308,33
China,2012,571523044,244,0
China,2013,575512689,83,0
China,2014,579314007,53,0
China,2015,582879678,39,0
China,2016,586298295,1,0
China,2017,589805615,0,0
China,2018,592646781,0,0
China,2019,594651988,0,0
China,2020,595934137,0,0
China,2021,596337181,0,0
China,2022,596334611,0,0
Lao PDR,2000,2825868,89755,350
Lao PDR,2001,2872102,62084,242
Lao PDR,2002,2917056,50404,195
Lao PDR,2003,2960225,45710,187
Lao PDR,2004,3001384,40333,105
Lao PDR,2005,3045510,35002,86
Lao PDR,2006,3094226,48965,123
Lao PDR,2007,3143530,45688,115
Lao PDR,2008,3192709,41446,104
Lao PDR,2009,3241656,47466,120
Lao PDR,2010,3290302,43766,109
Lao PDR,2011,3338645,30366,73
Lao PDR,2012,3386764,79939,174
Lao PDR,2013,3434603,68570,125
Lao PDR,2014,3481804,87770,134
Lao PDR,2015,3531738,62489,80
Lao PDR,2016,3585824,26862,32
Lao PDR,2017,3641268,14609,21
Lao PDR,2018,3696990,15654,23
Lao PDR,2019,3752690,10541,11
Lao PDR,2020,3808546,5674,7
Lao PDR,2021,3863524,6403,6
Lao PDR,2022,3917856,3713,3
Malaysia,2000,917806,12705,35
Malaysia,2001,941700,12780,46
Malaysia,2002,965697,11019,38
Malaysia,2003,989576,6338,21
Malaysia,2004,1013329,6154,35
Malaysia,2005,1036941,5569,33
Malaysia,2006,1060376,5294,21
Malaysia,2007,1083704,4048,15
Malaysia,2008,1106571,6071,20
Malaysia,2009,1128688,5955,23
Malaysia,2010,1148709,5194,13
Malaysia,2011,1167365,3954,11
Malaysia,2012,1186408,3662,11
Malaysia,2013,1205392,1028,10
Malaysia,2014,1224258,596,4
Malaysia,2015,1242753,242,4
Malaysia,2016,1261056,266,2
Malaysia,2017,1279032,85,1
Malaysia,2018,1295970,0,0
Malaysia,2019,1312160,0,0
Malaysia,2020,1327999,0,0
Malaysia,2021,1342954,0,0
Malaysia,2022,1357528,0,0
Papua New Guinea,2000,5508297,1462249,3142
Papua New Guinea,2001,5698489,1443554,3075
Papua New Guinea,2002,5892596,1235844,2635
Papua New Guinea,2003,6090980,1333205,2816
Papua New Guinea,2004,6293166,1708217,3517
Papua New Guinea,2005,6498818,1413497,2796
Papua New Guinea,2006,6708217,1481681,2924
Papua New Guinea,2007,6921066,1251261,2692
Papua New Guinea,2008,7137988,1180316,2508
Papua New Guinea,2009,7358890,1563409,3378
Papua New Guinea,2010,7583269,1079284,2354
Papua New Guinea,2011,7806637,899054,2032
Papua New Guinea,2012,8026545,1249648,2739
Papua New Guinea,2013,8245627,1420220,3452
Papua New Guinea,2014,8464153,1613869,3142
Papua New Guinea,2015,8682174,884727,1860
Papua New Guinea,2016,8899169,1208966,2568
Papua New Guinea,2017,9114796,1230223,2510
Papua New Guinea,2018,9329227,1301773,2571
Papua New Guinea,2019,9542486,1124906,2250
Papua New Guinea,2020,9749640,1470120,2962
Papua New Guinea,2021,9949437,1237112,2449
Papua New Guinea,2022,10142619,1660032,3398
Philippines,2000,45245888,79974,536
Philippines,2001,46213893,56147,439
Philippines,2002,47177033,70585,180
Philippines,2003,48138891,100493,257
Philippines,2004,49105039,91225,233
Philippines,2005,50064849,83163,167
Philippines,2006,51017022,102993,203
Philippines,2007,51980198,112751,218
Philippines,2008,52961604,74621,144
Philippines,2009,53945141,58824,116
Philippines,2010,54925850,53512,113
Philippines,2011,55913207,23918,47
Philippines,2012,56896619,19171,35
Philippines,2013,57864578,17518,36
Philippines,2014,58807761,14318,30
Philippines,2015,59797998,27904,63
Philippines,2016,60868170,17308,38
Philippines,2017,61949569,16586,36
Philippines,2018,63011866,10900,25
Philippines,2019,64063508,13536,31
Philippines,2020,65114109,15096,33
Philippines,2021,66094586,10609,22
Philippines,2022,67068869,8160,17
"Korea, Rep.",2000,3275201,4183,0
"Korea, Rep.",2001,3294535,2556,0
"Korea, Rep.",2002,3312446,1799,0
"Korea, Rep.",2003,3327781,1171,0
"Korea, Rep.",2004,3340909,864,0
"Korea, Rep.",2005,3352270,1369,0
"Korea, Rep.",2006,3363454,2051,0
"Korea, Rep.",2007,3375442,2227,1
"Korea, Rep.",2008,3387903,1063,0
"Korea, Rep.",2009,3401161,898,1
"Korea, Rep.",2010,3416912,1267,1
"Korea, Rep.",2011,3441891,505,2
"Korea, Rep.",2012,3474392,394,0
"Korea, Rep.",2013,3506875,383,0
"Korea, Rep.",2014,3539063,557,0
"Korea, Rep.",2015,3569608,627,0
"Korea, Rep.",2016,3591698,602,0
"Korea, Rep.",2017,3605814,436,0
"Korea, Rep.",2018,3617383,501,0
"Korea, Rep.",2019,3626267,485,0
"Korea, Rep.",2020,3629128,356,0
"Korea, Rep.",2021,3628109,274,0
"Korea, Rep.",2022,3627106,382,0
Solomon Islands,2000,425678,254582,476
Solomon Islands,2001,435991,285929,521
Solomon Islands,2002,446252,280109,513
Solomon Islands,2003,456603,239181,456
Solomon Islands,2004,467067,337823,652
Solomon Islands,2005,477661,286015,547
Solomon Islands,2006,488495,281888,549
Solomon Islands,2007,499572,155491,310
Solomon Islands,2008,510840,93119,182
Solomon Islands,2009,522554,75305,142
Solomon Islands,2010,534990,91425,163
Solomon Islands,2011,548183,62676,108
Solomon Islands,2012,562085,52221,89
Solomon Islands,2013,576541,53689,83
Solomon Islands,2014,591401,34803,56
Solomon Islands,2015,606533,39811,57
Solomon Islands,2016,621820,84179,103
Solomon Islands,2017,637197,103587,134
Solomon Islands,2018,652656,86680,109
Solomon Islands,2019,668243,139245,158
Solomon Islands,2020,684279,112768,123
Solomon Islands,2021,700772,152722,163
Solomon Islands,2022,717030,160244,204
Vanuatu,2000,192074,23167,34
Vanuatu,2001,197034,18702,24
Vanuatu,2002,202125,36655,52
Vanuatu,2003,207258,42687,68
Vanuatu,2004,212422,30560,46
Vanuatu,2005,217632,25624,35
Vanuatu,2006,222923,22943,30
Vanuatu,2007,228345,27312,36
Vanuatu,2008,233952,26771,37
Vanuatu,2009,239689,14887,22
Vanuatu,2010,245453,20972,27
Vanuatu,2011,251294,11631,14
Vanuatu,2012,257313,8394,0
Vanuatu,2013,263534,5326,0
Vanuatu,2014,269927,2427,0
Vanuatu,2015,276438,807,0
Vanuatu,2016,283218,4173,0
Vanuatu,2017,290239,2266,0
Vanuatu,2018,297298,1167,0
Vanuatu,2019,304404,1047,0
Vanuatu,2020,311685,910,0
Vanuatu,2021,319137,576,0
Vanuatu,2022,326740,2035,0
Viet Nam,2000,58222974,74316,154
Viet Nam,2001,58824822,68699,140
Viet Nam,2002,59432490,47807,98
Viet Nam,2003,60046786,38790,79
Viet Nam,2004,60662466,24909,51
Viet Nam,2005,61274810,19496,37
Viet Nam,2006,61871553,22637,47
Viet Nam,2007,62468862,16389,30
Viet Nam,2008,63084224,11355,25
Viet Nam,2009,63736960,16130,33
Viet Nam,2010,64420951,17515,34
Viet Nam,2011,65112329,16612,30
Viet Nam,2012,65814096,19638,33
Viet Nam,2013,66526328,17128,28
Viet Nam,2014,67239562,15752,23
Viet Nam,2015,67944047,9331,12
Viet Nam,2016,68633226,4161,6
Viet Nam,2017,69301322,4548,7
Viet Nam,2018,69950815,3132,1
Viet Nam,2019,70586389,3200,0
Viet Nam,2020,71229019,1376,0
Viet Nam,2021,71832867,377,0
Viet Nam,2022,72362632,412,0
